-- phpMyAdmin SQL Dump
-- version 3.3.9
-- http://www.phpmyadmin.net
--
-- Host: localhost
-- Generation Time: Jan 02, 2019 at 10:19 AM
-- Server version: 5.1.53
-- PHP Version: 5.3.4

SET SQL_MODE="NO_AUTO_VALUE_ON_ZERO";


/*!40101 SET @OLD_CHARACTER_SET_CLIENT=@@CHARACTER_SET_CLIENT */;
/*!40101 SET @OLD_CHARACTER_SET_RESULTS=@@CHARACTER_SET_RESULTS */;
/*!40101 SET @OLD_COLLATION_CONNECTION=@@COLLATION_CONNECTION */;
/*!40101 SET NAMES utf8 */;

--
-- Database: `shopping`
--

-- --------------------------------------------------------

--
-- Table structure for table `applyleave`
--

CREATE TABLE IF NOT EXISTS `applyleave` (
  `Id` int(10) NOT NULL AUTO_INCREMENT,
  `employee_id` int(10) NOT NULL,
  `employee_leave_types_id` int(10) NOT NULL,
  `start_date` varchar(255) NOT NULL,
  `end_date` varchar(255) NOT NULL,
  `reason` varchar(255) NOT NULL,
  `approved` int(10) NOT NULL,
  `viewed_by_manager` int(10) NOT NULL,
  `manager_remark` bit(1) NOT NULL DEFAULT b'0',
  `is_deleted` bit(1) NOT NULL DEFAULT b'0',
  PRIMARY KEY (`Id`),
  KEY `applyleave_employee` (`employee_id`),
  KEY `applyleave_employeeleavetype` (`employee_leave_types_id`)
) ENGINE=InnoDB  DEFAULT CHARSET=utf8 AUTO_INCREMENT=68 ;

--
-- Dumping data for table `applyleave`
--

INSERT INTO `applyleave` (`Id`, `employee_id`, `employee_leave_types_id`, `start_date`, `end_date`, `reason`, `approved`, `viewed_by_manager`, `manager_remark`, `is_deleted`) VALUES
(22, 0, 2, '', '', '', 0, 0, b'0', b'0'),
(58, 33, 1, '2017-01-01', '2017-01-01', 'ssssssssss', 0, 0, b'1', b'0'),
(59, 3, 1, '2017-01-01', '2017-01-01', 'jjjjjjj', 0, 0, b'0', b'0'),
(60, 3, 5, '2017-01-01', '2017-01-01', 'kkkkkkkkkk', 0, 0, b'0', b'0'),
(61, 14, 1, '', '', 'jjjjjjjjjjjjjjjjjjjjjjjjj', 0, 0, b'1', b'0'),
(62, 17, 1, '', '', 'jjjjjjjjjjjjjjjjj', 0, 0, b'1', b'0'),
(63, 17, 2, '', '', 'jjjjjjjjjjjjjjjjj', 0, 0, b'0', b'0'),
(64, 16, 1, '1/5/2017', '5/5/2017', 'مرض', 0, 0, b'0', b'0'),
(65, 15, 1, '1/6/2017', '', 'مرض', 0, 0, b'0', b'0'),
(66, 0, 1, '1/6/2017', '5/6/2017', 'مرض', 0, 0, b'0', b'0'),
(67, 23, 1, '1/9/2017', '11/9/2017', 'holyday', 0, 0, b'1', b'0');

-- --------------------------------------------------------

--
-- Table structure for table `batch`
--

CREATE TABLE IF NOT EXISTS `batch` (
  `Id` int(10) NOT NULL AUTO_INCREMENT,
  `name` varchar(255) NOT NULL,
  `dept_id` int(10) NOT NULL,
  `course_id` int(10) NOT NULL,
  `level_id` int(10) NOT NULL,
  `describe` varchar(255) NOT NULL,
  `start_date` date NOT NULL,
  `end_date` date NOT NULL,
  `is_deleted` bit(1) NOT NULL,
  `employee_id` int(10) NOT NULL,
  PRIMARY KEY (`Id`),
  KEY `batch_dept` (`dept_id`),
  KEY `batch_course` (`course_id`),
  KEY `batch_level` (`level_id`)
) ENGINE=InnoDB  DEFAULT CHARSET=utf8 AUTO_INCREMENT=20 ;

--
-- Dumping data for table `batch`
--

INSERT INTO `batch` (`Id`, `name`, `dept_id`, `course_id`, `level_id`, `describe`, `start_date`, `end_date`, `is_deleted`, `employee_id`) VALUES
(1, 'دفعتنا11 2017', 1, 1, 2, '', '2017-06-04', '0000-00-00', b'0', 0),
(6, 'خريج', 1, 1, 5, '', '2017-02-01', '0000-00-00', b'0', 0),
(7, 'css3', 1, 1, 5, '', '0000-00-00', '0000-00-00', b'0', 0),
(8, 'css4', 1, 1, 5, '', '0000-00-00', '0000-00-00', b'0', 0),
(12, 'belogy1', 2, 74, 1, '', '2017-01-01', '0000-00-00', b'0', 0),
(15, 'micro 1', 4, 18, 1, '', '2017-01-01', '0000-00-00', b'0', 0),
(16, 'micro2', 4, 18, 2, '', '2017-02-01', '0000-00-00', b'0', 0),
(17, 'g1', 3, 3, 1, '', '2017-01-01', '0000-00-00', b'0', 0),
(18, 'دفعه 2016 بعدنا ', 1, 1, 1, '', '2017-06-22', '0000-00-00', b'0', 0),
(19, 'hhhhh', 1, 1, 3, '', '2017-08-02', '0000-00-00', b'0', 0);

-- --------------------------------------------------------

--
-- Table structure for table `course`
--

CREATE TABLE IF NOT EXISTS `course` (
  `Id` int(10) NOT NULL AUTO_INCREMENT,
  `name` varchar(255) CHARACTER SET ucs2 NOT NULL,
  `code` varchar(255) NOT NULL,
  `dept_id` int(10) NOT NULL,
  `is_deleted` bit(10) NOT NULL DEFAULT b'0',
  `created_at` date NOT NULL,
  `update_at` date NOT NULL,
  PRIMARY KEY (`Id`)
) ENGINE=InnoDB  DEFAULT CHARSET=utf8 AUTO_INCREMENT=77 ;

--
-- Dumping data for table `course`
--

INSERT INTO `course` (`Id`, `name`, `code`, `dept_id`, `is_deleted`, `created_at`, `update_at`) VALUES
(1, 'علوم حاسوب', 'css', 1, b'0000000000', '0000-00-00', '0000-00-00'),
(3, 'gologya1', 'WPGIO', 3, b'0000000000', '2017-04-28', '0000-00-00'),
(12, '11fffffffffffff', '', 3, b'0000000000', '2017-05-10', '2017-05-11'),
(18, 'micro', '', 4, b'0000000000', '2017-05-10', '0000-00-00'),
(74, 'belogy1', 'belo1', 2, b'0000000000', '0000-00-00', '0000-00-00'),
(75, 'gh', 'j', 10, b'0000000000', '2018-12-10', '0000-00-00'),
(76, 'd', 'm', 12, b'0000000000', '2018-12-11', '0000-00-00');

-- --------------------------------------------------------

--
-- Table structure for table `department`
--

CREATE TABLE IF NOT EXISTS `department` (
  `Id` int(10) NOT NULL AUTO_INCREMENT,
  `name` varchar(255) NOT NULL,
  `code` varchar(255) NOT NULL,
  `is_deleted` bit(10) NOT NULL DEFAULT b'0',
  `created_at` datetime NOT NULL,
  `update_at` datetime NOT NULL,
  PRIMARY KEY (`Id`)
) ENGINE=InnoDB  DEFAULT CHARSET=utf8 AUTO_INCREMENT=14 ;

--
-- Dumping data for table `department`
--

INSERT INTO `department` (`Id`, `name`, `code`, `is_deleted`, `created_at`, `update_at`) VALUES
(1, 'علوم حاسوب', 'CS000', b'0000000000', '2017-04-17 22:01:36', '0000-00-00 00:00:00'),
(2, 'بيلوجي', 'BIO0002', b'0000000000', '2017-04-17 22:03:16', '2017-05-15 15:47:09'),
(3, 'جولوجيا', 'GIO0003', b'0000000000', '2017-04-18 22:04:11', '0000-00-00 00:00:00'),
(4, 'مايكرو', 'MIS', b'0000000000', '2017-04-20 22:05:00', '2017-05-08 00:20:37'),
(8, 'مختبرات', 'ph', b'0000000000', '0000-00-00 00:00:00', '2017-05-17 18:03:18'),
(11, 'aaaa', 'bbbbb', b'0000000000', '0000-00-00 00:00:00', '0000-00-00 00:00:00'),
(12, 'h', 'm', b'0000000000', '2018-12-11 17:23:55', '0000-00-00 00:00:00'),
(13, 'hhhhh', 'g', b'0000000000', '0000-00-00 00:00:00', '0000-00-00 00:00:00');

-- --------------------------------------------------------

--
-- Table structure for table `employee`
--

CREATE TABLE IF NOT EXISTS `employee` (
  `Id` int(10) NOT NULL AUTO_INCREMENT,
  `admission_no` int(10) NOT NULL,
  `joining_date` date NOT NULL,
  `first_name` varchar(255) NOT NULL,
  `middle_name` varchar(255) NOT NULL,
  `last_name` varchar(255) NOT NULL,
  `gender` varchar(255) NOT NULL,
  `email` varchar(255) NOT NULL,
  `date_of_birth` date NOT NULL,
  `position_id` int(10) NOT NULL,
  `department_id` int(10) NOT NULL,
  `empolyee_category_id` int(10) NOT NULL,
  `job_title` varchar(255) NOT NULL,
  `qualification` varchar(255) NOT NULL,
  `experience_detial` varchar(255) NOT NULL,
  `experience_years` int(10) NOT NULL,
  `experience_month` int(10) NOT NULL,
  `status_description` varchar(255) NOT NULL,
  `maritals_status` varchar(255) NOT NULL,
  `father_name` varchar(255) NOT NULL,
  `bloods` varchar(255) NOT NULL,
  `nationality_id` varchar(255) NOT NULL,
  `home_address_line1` varchar(255) NOT NULL,
  `home_city` varchar(255) NOT NULL,
  `home_country` varchar(255) NOT NULL,
  `office_address` varchar(255) NOT NULL,
  `office_city` varchar(255) NOT NULL,
  `office_country` varchar(255) NOT NULL,
  `office_phone1` varchar(255) NOT NULL,
  `office_phone2` varchar(255) NOT NULL,
  `mobile_phone` varchar(255) NOT NULL,
  `fax` varchar(255) NOT NULL,
  `created_at` date NOT NULL,
  `updated_at` date NOT NULL,
  `user_id` int(10) NOT NULL,
  `photo_filename` varchar(255) NOT NULL,
  `is_deleted` bit(1) NOT NULL DEFAULT b'0',
  `is_active` bit(1) NOT NULL DEFAULT b'0',
  `user_id_created` int(10) NOT NULL,
  `user_id_update` int(10) NOT NULL,
  PRIMARY KEY (`Id`),
  KEY `employee_department` (`department_id`),
  KEY `employee_employeecategory` (`empolyee_category_id`),
  KEY `employee_position` (`position_id`)
) ENGINE=InnoDB  DEFAULT CHARSET=utf8 AUTO_INCREMENT=24 ;

--
-- Dumping data for table `employee`
--

INSERT INTO `employee` (`Id`, `admission_no`, `joining_date`, `first_name`, `middle_name`, `last_name`, `gender`, `email`, `date_of_birth`, `position_id`, `department_id`, `empolyee_category_id`, `job_title`, `qualification`, `experience_detial`, `experience_years`, `experience_month`, `status_description`, `maritals_status`, `father_name`, `bloods`, `nationality_id`, `home_address_line1`, `home_city`, `home_country`, `office_address`, `office_city`, `office_country`, `office_phone1`, `office_phone2`, `mobile_phone`, `fax`, `created_at`, `updated_at`, `user_id`, `photo_filename`, `is_deleted`, `is_active`, `user_id_created`, `user_id_update`) VALUES
(14, 2000, '2017-08-18', 'try try', '', 'try try2', '1', '', '0000-00-00', 1, 1, 1, '', '', '', 0, 0, '', '', '', '0', '', 'gggggggggggggggggg', '', '', '', '', '', 'hhhhhhhhhhhhh', '', '', '', '2017-08-19', '0000-00-00', 0, '', b'0', b'0', 0, 0),
(15, 2001, '2017-08-20', 'try try2', '', 'try try2', '1', '', '0000-00-00', 1, 1, 1, '', '', '', 0, 0, '', 'hhhhhhhhhhhhhhhhhhhhhhh', '', '0', '', '', '', '', '', '', '', '', '', '', '', '2017-08-20', '0000-00-00', 0, '', b'0', b'0', 0, 0),
(16, 2002, '2017-08-20', 'try try3', '', 'try try2', '1', '', '0000-00-00', 1, 1, 1, '', '', '', 0, 0, '', '', '', '0', '', '', '', '', '', '', '', '', '', '', '', '2017-08-20', '0000-00-00', 0, '', b'0', b'0', 0, 0),
(18, 2004, '2017-08-20', 'try try5', '', 'try try2', '1', '', '0000-00-00', 1, 1, 1, '', '', '', 0, 0, '', '', '', '0', '', '', '', '', '', '', '', '', '', '', '', '2017-08-20', '0000-00-00', 0, '', b'0', b'0', 0, 0),
(19, 2005, '2017-08-20', 'try try6', '', 'try try2', '1', '', '0000-00-00', 1, 1, 1, '', '', '', 0, 0, '', 'hhhhhhhhhhhhhhhhhhhhhhhhhhhhhhhhhh', '', '0', '', '', '', '', '', '', '', '', '', '', '', '2017-08-20', '0000-00-00', 0, '', b'0', b'0', 0, 0),
(20, 2006, '2017-08-20', 'try try7', '', 'try try2', '1', '', '0000-00-00', 1, 1, 1, '', '', '', 0, 0, '', '', '', '0', '', '', '', '', '', '', '', '', '', '', '', '2017-08-20', '0000-00-00', 0, '', b'0', b'0', 0, 0),
(21, 2007, '2017-08-20', 'try try8', '', 'try try2', '1', '', '0000-00-00', 1, 1, 1, '', '', '', 0, 0, '', '', '', '0', '', '', '', '', '', '', '', '', '', '', '', '2017-08-20', '0000-00-00', 0, '', b'0', b'0', 0, 0),
(22, 2008, '1994-02-12', 'ibrahim khalid', '', 'almajedi', 'ذكر', 'ibrahim@hotmail.com', '1993-03-12', 1, 1, 0, '', 'bclarious', '', 9, 9, '0', '', 'sadek', '', 'yemani', 'almoghtarbeen', 'taiz', 'yemen', '', '', '', '77777777777777', '8888888888888', '88888888888', '', '2017-08-24', '2018-12-11', 0, '861634_عبدالله فرحان.jpg', b'0', b'0', 0, 0),
(23, 2009, '1999-06-05', 'hhhhhhhhhhhhhhhhh', '', 'kkkkkkkkkkkkk', 'ذكر', 'dddd@hotmai.com', '1997-04-05', 1, 1, 1, '', 'bbbbbbbb', '', 9, 9, '0', '', 'nnnnnnnn', '', 'gg', 'hhhhhhhhhh', 'ffffffffff', '444444444', '', '', '', '77777777777', '7777777777777', '5555555555555', '', '2017-08-24', '2017-08-24', 0, '852997_g.JPG', b'0', b'0', 0, 0);

-- --------------------------------------------------------

--
-- Table structure for table `employee2`
--

CREATE TABLE IF NOT EXISTS `employee2` (
  `Id` int(10) NOT NULL AUTO_INCREMENT,
  `admission_no` int(10) NOT NULL,
  `joining_date` date NOT NULL,
  `first_name` varchar(255) NOT NULL,
  `middle_name` varchar(255) NOT NULL,
  `last_name` varchar(255) NOT NULL,
  `gender` varchar(255) NOT NULL,
  `email` varchar(255) NOT NULL,
  `date_of_birth` date NOT NULL,
  `position_id` int(10) NOT NULL,
  `department_id` int(10) NOT NULL,
  `empolyee_category_id` int(10) NOT NULL,
  `job_title` varchar(255) NOT NULL,
  `qualification` varchar(255) NOT NULL,
  `experience_detial` varchar(255) NOT NULL,
  `experience_years` int(10) NOT NULL,
  `experience_month` int(10) NOT NULL,
  `status_description` varchar(255) NOT NULL,
  `maritals_status` varchar(255) NOT NULL,
  `father_name` varchar(255) NOT NULL,
  `bloods` varchar(255) NOT NULL,
  `nationality_id` varchar(255) NOT NULL,
  `home_address_line1` varchar(255) NOT NULL,
  `home_city` varchar(255) NOT NULL,
  `home_country` varchar(255) NOT NULL,
  `office_address` varchar(255) NOT NULL,
  `office_city` varchar(255) NOT NULL,
  `office_country` varchar(255) NOT NULL,
  `office_phone1` varchar(255) NOT NULL,
  `office_phone2` varchar(255) NOT NULL,
  `mobile_phone` varchar(255) NOT NULL,
  `fax` varchar(255) NOT NULL,
  `created_at` date NOT NULL,
  `updated_at` date NOT NULL,
  `user_id` int(10) NOT NULL,
  `photo_filename` varchar(255) NOT NULL,
  `is_deleted` bit(1) NOT NULL DEFAULT b'0',
  `is_active` bit(1) NOT NULL DEFAULT b'0',
  `user_id_created` int(10) NOT NULL,
  `user_id_update` int(10) NOT NULL,
  PRIMARY KEY (`Id`),
  KEY `employee_department` (`department_id`),
  KEY `employee_employeecategory` (`empolyee_category_id`),
  KEY `employee_position` (`position_id`)
) ENGINE=InnoDB  DEFAULT CHARSET=utf8 AUTO_INCREMENT=118 ;

--
-- Dumping data for table `employee2`
--

INSERT INTO `employee2` (`Id`, `admission_no`, `joining_date`, `first_name`, `middle_name`, `last_name`, `gender`, `email`, `date_of_birth`, `position_id`, `department_id`, `empolyee_category_id`, `job_title`, `qualification`, `experience_detial`, `experience_years`, `experience_month`, `status_description`, `maritals_status`, `father_name`, `bloods`, `nationality_id`, `home_address_line1`, `home_city`, `home_country`, `office_address`, `office_city`, `office_country`, `office_phone1`, `office_phone2`, `mobile_phone`, `fax`, `created_at`, `updated_at`, `user_id`, `photo_filename`, `is_deleted`, `is_active`, `user_id_created`, `user_id_update`) VALUES
(3, 0, '2009-02-02', 'abdullah', '', 'farhan', 'أنثى', 'abdullah@hotmail.com', '1997-03-04', 1, 1, 1, '', 'bclarious', '', 1, 11, 'o+', '', 'farhan', 'o+', 'yemani', '', '', '', '', '', '', '', '', '', '', '2017-05-26', '0000-00-00', 0, '', b'0', b'0', 0, 0),
(7, 0, '0000-00-00', 'عبد الله فرحان', '', 'حسان', 'ذكر', 'abdullah@hotmail.com', '0000-00-00', 1, 1, 1, '', 'bclarious', '', 2, 9, 'A+', '', 'farhan', 'o+', 'yemani', '', '', '', '', '', '', '', '', '', '', '2017-05-26', '0000-00-00', 0, '', b'0', b'0', 0, 0),
(10, 0, '0000-00-00', 'ddddd', '', 'sss', 'ذكر', 'ddd@fff.com', '0000-00-00', 1, 1, 1, '', 'sss', '', 10, 11, 'o+', '', 'fffff', 'B-', 'www', '', '', '', '', '', '', '', '', '', '', '2017-05-26', '0000-00-00', 0, '', b'0', b'0', 0, 0),
(14, 0, '0000-00-00', 'ddddd', '', 'sss', 'ذكر', 'ddd@fff.com', '0000-00-00', 1, 1, 1, '', 'sss', '', 10, 11, 'o+', '', 'fffff', 'B-', 'www', '', '', '', '', '', '', '', '', '', '', '2017-05-26', '0000-00-00', 0, '', b'0', b'0', 0, 0),
(15, 0, '0000-00-00', 'ddddd', '', 'sss', 'ذكر', 'ddd@fff.com', '0000-00-00', 1, 1, 1, '', 'sss', '', 10, 11, 'o+', '', 'fffff', 'B-', 'www', '', '', '', '', '', '', '', '', '', '', '2017-05-26', '0000-00-00', 0, '', b'0', b'0', 0, 0),
(16, 0, '0000-00-00', 'abdullah ahmed', '', 'rajeh', 'ذكر', 'ahmed@hot.com', '0000-00-00', 2, 1, 1, '', 'bclarious', '', 10, 10, '0', '', 'ahmed', '', 'yemeni', 'hajdah', 'taiz', 'yemen', 'mmmm', '', '', '', '55555555', '700802892', '', '2017-05-27', '2017-05-27', 0, '', b'0', b'0', 0, 0),
(17, 0, '2017-07-05', 's', '', 'd', 'ذكر', 'g@m.com', '2017-07-05', 2, 1, 2, '', 'n', '', 3, 6, 'A+', '', 'nnnnn', 'AB', 'bbb', 'mmm', 'llll', 'ppp', '', '', '', '', '9999999', '4444444444444', '', '2017-05-27', '0000-00-00', 0, '', b'0', b'0', 0, 0),
(18, 0, '2009-01-01', 'ibrahim farhan hassan', '', 'ahmed', 'ذكر', 'abrahim@hotmail.com', '1998-02-03', 2, 3, 1, 'moshref', 'bclarious', 'hhhhh\r\nkkkkk\r\nlllll\r\n', 2, 2, 'عــازب', '', 'farhan haasan ahmed', 'o+', 'yemani', 'hajdah', 'taiz', 'yemen', '', '', '', '04-222222', '04-444333', '6777755', '', '2017-06-12', '0000-00-00', 0, '', b'0', b'0', 0, 0),
(19, 0, '2222-08-09', 'ahamed farhan hassan', '', 'ahmed', 'ذكر', 'ahamed@hotmail.com', '2003-03-03', 1, 3, 1, '', 'bclarious', 'mmmm\r\njjjj\r\nyyyy\r\nggg', 1, 10, 'عــازب', '', 'farhan', 'A+', 'yemani', 'hajdah', 'taiz', 'yemrn', 'taiz', 'taiz', 'yemen', '8888888888888', 'y6654321', '700215270', '', '2017-06-12', '0000-00-00', 0, '', b'0', b'0', 0, 0),
(20, 0, '8888-04-04', 'ahamed ahmed rajeh', '', 'ibrahim', 'ذكر', 'rajeh@h.con', '2000-02-02', 2, 3, 1, 'dddddddddddd', 'bclarious', 'hhhhhhh\r\nlllllll\r\njjjjjj\r\n', 2, 2, '0', '', 'ahmed rajeh', '', 'yemani', 'hajdah', 'taiz', 'yemen', 'althora', 'taiz', 'yemen', '04-353009', '04-980766', '73599898', '', '2017-06-13', '2017-06-17', 0, '', b'0', b'0', 0, 0),
(21, 0, '2009-06-07', 'kaid hassan kaid', '', 'ahamed', 'ذكر', 'kaid@hotmail.com', '1995-07-08', 2, 3, 1, 'jjjjjjjjjj', 'bclarious', 'teacher\r\nhelper', 2, 2, '0', '', 'hassan kaid ahmed', '', 'yemani', 'hajdah', 'taiz', 'yemen', 'taiz', 'taiz', 'yemen', '04-353009', '04-352893', '700215270', '', '2017-06-13', '2017-06-13', 0, '', b'0', b'0', 0, 0),
(22, 0, '2017-07-07', 'ahammed abfu', '', 'DSAdf', 'ذكر', 'rieroh@hfdd.com', '2098-07-14', 1, 1, 1, '', 'baclarious', '', 2, 2, '0', '', 'abdu mohammed', '', 'yemani', 'kkkkkk', 'taiz', 'yemen', '', '', '', '098', '04-352893', '999999999999999999999', '', '2017-07-01', '2017-07-01', 0, '', b'0', b'0', 0, 0),
(23, 0, '2017-06-01', 'emad mahfood kaid', '', 'ahmed', 'ذكر', 'emad@hotmail.com', '1994-07-12', 1, 1, 1, '', 'majesteer', '', 2, 2, '0', '', 'mahfood kaid', '', 'yemani', 'alassara', 'taiz', 'yemen', '', '', '', '', '04353009', '700305432', '', '2017-07-02', '2017-07-03', 0, '642517_ttttttttttttttttttt.jpg', b'0', b'0', 0, 0),
(24, 0, '2017-07-13', 'صلاح', '', 'القطامي', 'أنثى', 'a@z.com', '2017-07-05', 1, 1, 1, 'DR', 'دكتوراه', '', 4, 2, 'متزوج', '', 'علي سعيد', 'o+', 'يمني', '', '', '', '', '', '', '', '', '', '', '2017-07-05', '0000-00-00', 0, '', b'0', b'0', 0, 0),
(25, 0, '0000-00-00', 'swwwwwww', '', 'mmmmmm', 'أنثى', 'w@s.com', '0000-00-00', 1, 1, 1, 'kkkkkkkkkkk', 'kkkkkkkkkkkkk', 'kkkkkkkkkkkkkkkkkkkkk\r\n\r\n\r\n\r\n\r\n', 0, 0, '', '', 'ddddddddddd', '0', '', '', '', '', '', '', '', '', '', '', '', '2017-07-20', '0000-00-00', 0, '', b'0', b'0', 0, 0),
(26, 0, '0000-00-00', 'ssssssssssss', '', 'jjjjjjjjjjjjj', '1', 'john.doe@gmail.com', '0000-00-00', 1, 1, 1, '', '', '', 0, 0, '', '', '', '0', '', '', '', '', '', '', '', '', '', '', '', '2017-07-20', '0000-00-00', 0, '', b'0', b'0', 0, 0),
(27, 0, '0000-00-00', 'jjjjjjjjjjjjjj', '', 'jjjjjj', '1', 'salahco2013@gmail.com', '0000-00-00', 1, 1, 1, '', '', '', 0, 0, '', '', '', '0', '', '', '', '', '', '', '', '', '', '', '', '2017-07-20', '0000-00-00', 0, '', b'0', b'0', 0, 0),
(28, 0, '0000-00-00', 'kkkkkkkkkkkk', '', 'kkkkkk', '1', 'salahco2013@gmail.com', '0000-00-00', 1, 1, 1, '', '', '', 0, 0, '', '', '', '0', '', '', '', '', '', '', '', '', '', '', '', '2017-07-20', '0000-00-00', 0, '', b'0', b'0', 0, 0),
(29, 0, '0000-00-00', 'kkkkkkkkkkkk', '', 'kkkkkk', '1', 'salahco2013@gmail.com', '0000-00-00', 1, 1, 1, '', '', '', 0, 0, '', '', '', '0', '', '', '', '', '', '', '', '', '', '', '', '2017-07-20', '0000-00-00', 0, '', b'0', b'0', 0, 0),
(30, 0, '0000-00-00', 'klkl', '', 'kkkkkk', '1', 'salahco2013@gmail.com', '0000-00-00', 1, 1, 1, '', '', '', 0, 0, '', '', '', '0', '', '', '', '', '', '', '', '', '', '', '', '2017-07-20', '0000-00-00', 0, '', b'0', b'0', 0, 0),
(31, 0, '0000-00-00', '111111111111', '', 'kkkkkk', '1', 'salahco2013@gmail.com', '0000-00-00', 1, 1, 1, '', '', '', 0, 0, '', '', '', '0', '', '', '', '', '', '', '', '', '', '', '', '2017-07-20', '0000-00-00', 0, '', b'0', b'0', 0, 0),
(32, 0, '2017-07-12', '111111111111', '', 'kkkkkk', '1', 'salahco2013@gmail.com', '0000-00-00', 1, 1, 1, '', '', '', 0, 0, '', '', '', '0', '', '', '', '', '', '', '', '', '', '', '', '2017-07-20', '0000-00-00', 0, '', b'0', b'0', 0, 0),
(33, 0, '2017-07-12', '1', '', 'kkkkkk', '1', 'salahco2013@gmail.com', '0000-00-00', 1, 1, 1, '', '', '', 0, 0, '', '', '', '0', '', '', '', '', '', '', '', '', '', '', '', '2017-07-20', '0000-00-00', 0, '', b'0', b'0', 0, 0),
(34, 0, '2017-07-12', '[[[[[[[[[[[[[[[', '', 'kkkkkk', '1', 'salahco2013@gmail.com', '0000-00-00', 1, 1, 1, '', '', '', 0, 0, '', '', '', '0', '', '', '', '', '', '', '', '', '', '', '', '2017-07-20', '0000-00-00', 0, '', b'0', b'0', 0, 0),
(35, 0, '2017-07-12', '[[[[[[[[[[[[[[[', '', 'kkkkkk', '1', 'salahco2013@gmail.com', '0000-00-00', 1, 1, 1, '', '', '', 0, 0, '', '', '', '0', '', '', '', '', '', '', '', '', '', '', '', '2017-07-20', '0000-00-00', 0, '', b'0', b'0', 0, 0),
(36, 0, '2017-07-05', 'eeeee', '', 'kjjjjjjjjjjjj', '1', 'salahco2013@gmail.com', '2017-12-31', 1, 1, 1, '', '', '', 0, 0, '', '', '', '0', '', '', '', '', '', '', '', '', '', '', '', '2017-07-20', '0000-00-00', 0, '', b'0', b'0', 0, 0),
(37, 0, '2017-07-05', 'eeeeeff', '', 'kjjjjjjjjjjjj', '1', 'salahco2013@gmail.com', '2017-12-31', 1, 1, 1, '', '', '', 0, 0, '', '', '', '0', '', '', '', '', '', '', '', '', '', '', '', '2017-07-20', '0000-00-00', 0, '', b'0', b'0', 0, 0),
(38, 0, '2017-07-05', 'eeeeeffr', '', 'kjjjjjjjjjjjj', '1', 'salahco2013@gmail.com', '2017-12-31', 1, 1, 1, '', '', '', 0, 0, '', '', '', '0', '', '', '', '', '', '', '', '', '', '', '', '2017-07-20', '0000-00-00', 0, '', b'0', b'0', 0, 0),
(39, 0, '2017-07-05', 'eeeeeffrf', '', 'kjjjjjjjjjjjj', '1', 'salahco2013@gmail.com', '2017-12-31', 1, 1, 1, '', '', '', 0, 0, '', '', '', '0', '', '', '', '', '', '', '', '', '', '', '', '2017-07-20', '0000-00-00', 0, '', b'0', b'0', 0, 0),
(40, 0, '2017-07-05', 'eeeeeffrfd', '', 'kjjjjjjjjjjjj', '1', 'salahco2013@gmail.com', '2017-12-31', 1, 1, 1, '', '', '', 0, 0, '', '', '', '0', '', '', '', '', '', '', '', '', '', '', '', '2017-07-20', '0000-00-00', 0, '', b'0', b'0', 0, 0),
(41, 0, '2017-07-05', 'eeeeeffrfdd', '', 'kjjjjjjjjjjjj', '1', 'salahco2013@gmail.com', '2017-12-31', 1, 1, 1, '', '', '', 0, 0, '', '', '', '0', '', '', '', '', '', '', '', '', '', '', '', '2017-07-20', '0000-00-00', 0, '', b'0', b'0', 0, 0),
(42, 0, '2017-07-05', 'eeeeeffrfdddd', '', 'kjjjjjjjjjjjj', '1', 'salahco2013@gmail.com', '2017-12-31', 1, 1, 1, '', '', '', 0, 0, '', '', '', '0', '', '', '', '', '', '', '', '', '', '', '', '2017-07-20', '0000-00-00', 0, '', b'0', b'0', 0, 0),
(43, 0, '2017-07-05', 'eeeeeffrfddddddddddddd', '', 'kjjjjjjjjjjjj', '1', 'salahco2013@gmail.com', '2017-12-31', 1, 1, 1, '', '', '', 0, 0, '', '', '', '0', '', '', '', '', '', '', '', '', '', '', '', '2017-07-20', '0000-00-00', 0, '', b'0', b'0', 0, 0),
(44, 0, '2017-07-05', 'eeeeeffrfdd', '', 'kjjjjjjjjjjjj', '1', 'salahco2013@gmail.com', '2017-12-31', 1, 1, 1, '', '', '', 0, 0, '', '', '', '0', '', '', '', '', '', '', '', '', '', '', '', '2017-07-20', '0000-00-00', 0, '', b'0', b'0', 0, 0),
(45, 0, '2017-07-05', 'eeeeeffrfdde', '', 'kjjjjjjjjjjjj', '1', 'salahco2013@gmail.com', '2017-12-31', 1, 1, 1, '', '', '', 0, 0, '', '', '', '0', '', '', '', '', '', '', '', '', '', '', '', '2017-07-20', '0000-00-00', 0, '', b'0', b'0', 0, 0),
(46, 0, '2017-07-05', 'eeeeeffrfddedddd', '', 'kjjjjjjjjjjjj', '1', 'salahco2013@gmail.com', '2017-12-31', 1, 1, 1, '', '', '', 0, 0, '', '', '', '0', '', '', '', '', '', '', '', '', '', '', '', '2017-07-20', '0000-00-00', 0, '', b'0', b'0', 0, 0),
(47, 0, '0000-00-00', 'ddddddddd', '', 'kkkkkkkkkkkk', '1', 'salahco2013@gmail.com', '0000-00-00', 1, 1, 1, '', '', '', 0, 0, '', '', '', '0', '', '', '', '', '', '', '', '', '', '', '', '2017-07-20', '0000-00-00', 0, '', b'0', b'0', 0, 0),
(48, 0, '0000-00-00', 'eeeeeee', '', 'kkkkkkkkk', '1', 'salahco2013@gmail.com', '0000-00-00', 1, 1, 1, 'llllllllll', '', '', 0, 0, '', '', '', '0', '', '', '', '', '', '', '', '', '', '', '', '2017-07-20', '0000-00-00', 0, '', b'0', b'0', 0, 0),
(49, 0, '0000-00-00', 'klkkkkkkkkk', '', 'kkkkkkkkkkk', '1', 'salahco2013@gmail.com', '0000-00-00', 1, 1, 1, 'll', '', '', 0, 0, '', '', '', '0', '', '', '', '', '', '', '', '', '', '', '', '2017-07-20', '0000-00-00', 0, '', b'0', b'0', 0, 0),
(50, 0, '0000-00-00', 'eeeeeeee', '', 'kkkkkkkkk', '0', 'salahco2013@gmail.com', '0000-00-00', 1, 1, 1, '', '', '', 0, 0, '', '', '', '0', '', '', '', '', '', '', '', '', '', '', '', '2017-07-20', '0000-00-00', 0, '', b'0', b'0', 0, 0),
(51, 0, '0000-00-00', 'jjjjjjjjjj', '', 'jjjjjjjjjj', '1', 'jjjjjjjjjjjjjj', '0000-00-00', 1, 1, 1, '', '', '', 0, 0, '', '', '', '0', '', '', '', '', '', '', '', '', '', '', '', '2017-07-20', '0000-00-00', 0, '', b'0', b'0', 0, 0),
(52, 0, '0000-00-00', 'try try', '', 'try try2', '1', '', '0000-00-00', 1, 1, 1, '', '', '', 0, 0, '', '', '', '0', '', '', '', '', '', '', '', '', '', '', '', '2017-07-20', '0000-00-00', 0, '', b'0', b'0', 0, 0),
(53, 0, '0000-00-00', 'try try', '', 'try try2', '1', '', '0000-00-00', 1, 1, 1, '', '', '', 0, 0, '', '', '', '0', '', '', '', '', '', '', '', '', '', '', '', '2017-07-20', '0000-00-00', 0, '', b'0', b'0', 0, 0),
(54, 0, '0000-00-00', 'try try', '', 'try try2', '1', '', '0000-00-00', 1, 1, 1, '', '', '', 0, 0, '', '', '', '0', '', '', '', '', '', '', '', '', '', '', '', '2017-07-20', '0000-00-00', 0, '', b'0', b'0', 0, 0),
(55, 0, '0000-00-00', 'try try', '', 'try try2', '1', '', '0000-00-00', 1, 1, 1, '', '', '', 0, 0, '', '', '', '0', '', '', '', '', '', '', '', '', '', '', '', '2017-07-20', '0000-00-00', 0, '', b'0', b'0', 0, 0),
(56, 0, '0000-00-00', 'try try', '', 'try try2', '1', '', '0000-00-00', 1, 1, 1, '', '', '', 0, 0, '', '', '', '0', '', '', '', '', '', '', '', '', '', '', '', '2017-07-20', '0000-00-00', 0, '', b'0', b'0', 0, 0),
(57, 0, '0000-00-00', 'try try', '', 'try try2', '1', '', '0000-00-00', 1, 1, 1, '', '', '', 0, 0, '', '', '', '0', '', 'gggggggg', 'kkkkkkkkkkk', 'kkkkkkkk', '', '', '', '', '777777777777777', '888888888888888888', '', '2017-07-20', '0000-00-00', 0, '674835_Jellyfish.jpg', b'0', b'0', 0, 0),
(58, 0, '0000-00-00', 'try try', '', 'try try2', '1', '', '0000-00-00', 2, 1, 1, '', '', '', 0, 0, '', '', '', '0', '', '', '', '', '', '', '', '', '', '', '', '2017-07-20', '0000-00-00', 0, '', b'0', b'0', 0, 0),
(59, 0, '0000-00-00', 'try try', '', 'try try2', '1', '', '0000-00-00', 1, 1, 1, '', '', '', 0, 0, '', '', '', '0', '', 'ttttttttt', 'ttttttttttt', 'tttttttt', '', '', '', '', '8888888888888887', '888888888888888', '', '2017-07-20', '0000-00-00', 0, '', b'0', b'0', 0, 0),
(60, 0, '0000-00-00', 'try try', '', 'try try2', '1', '', '0000-00-00', 2, 1, 1, '', '', '', 0, 0, '', '', '', '0', '', '', '', '', '', '', '', '', '', '', '', '2017-07-20', '0000-00-00', 0, '', b'0', b'0', 0, 0),
(61, 0, '0000-00-00', 'try try', '', 'try try2', '', '', '0000-00-00', 1, 1, 1, '', '', '', 0, 0, '0', '', '', '', '', 'rrrr', 'rrrrr', 'rrrrrrrr', 'rrrrrrrrrrrrrrr', 'rrrrrrrrrrrrr', 'rrrrrrrrrrrrrr', '', 'rrrrrrrrrrrrrr', 'rrrrrrrrrrrrrr', '', '2017-07-20', '2017-07-20', 0, '736542_', b'0', b'0', 0, 0),
(63, 0, '0000-00-00', 'try try', '', 'try try2', '1', '', '0000-00-00', 1, 1, 1, '', '', '', 0, 0, '', '', '', '0', '', '', '', '', '', '', '', '', '', '', '', '2017-07-20', '0000-00-00', 0, '', b'0', b'0', 0, 0),
(64, 0, '0000-00-00', 'try try', '', 'try try2', '1', '', '0000-00-00', 1, 1, 1, '', '', '', 0, 0, '', '', '', '0', '', '', '', '', '', '', '', '', '', '', '', '2017-07-20', '0000-00-00', 0, '', b'0', b'0', 0, 0),
(65, 0, '0000-00-00', 'try try', '', 'try try2', '1', '', '0000-00-00', 1, 1, 1, '', '', '', 0, 0, '', '', '', '0', '', '', '', '', '', '', '', '', '', '', '', '2017-07-20', '0000-00-00', 0, '', b'0', b'0', 0, 0),
(66, 0, '0000-00-00', 'try try', '', 'try try2', '1', '', '0000-00-00', 1, 1, 1, '', '', '', 0, 0, '', '', '', '0', '', '', '', '', '', '', '', '', '', '', '', '2017-07-20', '0000-00-00', 0, '', b'0', b'0', 0, 0),
(67, 0, '0000-00-00', 'try try', '', 'try try2', '1', '', '0000-00-00', 1, 1, 1, '', '', '', 0, 0, '', '', '', '0', '', '', '', '', '', '', '', '', '', '', '', '2017-07-20', '0000-00-00', 0, '', b'0', b'0', 0, 0),
(68, 0, '0000-00-00', 'try try', '', 'try try2', '1', '', '0000-00-00', 1, 1, 1, '', '', '', 0, 0, '', '', '', '0', '', '', '', '', '', '', '', '', '', '', '', '2017-07-20', '0000-00-00', 0, '', b'0', b'0', 0, 0),
(69, 0, '0000-00-00', 'try try', '', 'try try2', '1', '', '0000-00-00', 1, 1, 1, '', '', '', 0, 0, '', '', '', '0', '', '', '', '', '', '', '', '', '', '', '', '2017-07-20', '0000-00-00', 0, '', b'0', b'0', 0, 0),
(70, 0, '0000-00-00', 'try try', '', 'try try2', '1', '', '0000-00-00', 1, 1, 1, '', '', '', 0, 0, '', '', '', '0', '', '', '', '', '', '', '', '', '', '', '', '2017-07-20', '0000-00-00', 0, '', b'0', b'0', 0, 0),
(71, 0, '0000-00-00', 'try try', '', 'try try2', '1', '', '0000-00-00', 1, 1, 1, '', '', '', 0, 0, '', '', '', '0', '', '', '', '', '', '', '', '', '', '', '', '2017-07-20', '0000-00-00', 0, '', b'0', b'0', 0, 0),
(72, 0, '0000-00-00', 'try try', '', 'try try2', '1', '', '0000-00-00', 1, 1, 1, '', '', '', 0, 0, '', '', '', '0', '', '', '', '', '', '', '', '', '', '', '', '2017-07-20', '0000-00-00', 0, '', b'0', b'0', 0, 0),
(73, 0, '0000-00-00', 'try try', '', 'try try2', '1', '', '0000-00-00', 1, 1, 1, '', '', '', 0, 0, '', '', '', '0', '', '', '', '', '', '', '', '', '', '', '', '2017-07-20', '0000-00-00', 0, '', b'0', b'0', 0, 0),
(74, 0, '0000-00-00', 'try try', '', 'try try2', '1', '', '0000-00-00', 1, 1, 1, '', '', '', 0, 0, '', '', '', '0', '', '', '', '', '', '', '', '', '', '', '', '2017-07-20', '0000-00-00', 0, '', b'0', b'0', 0, 0),
(75, 0, '0000-00-00', 'try try', '', 'try try2', '1', '', '0000-00-00', 1, 1, 1, '', '', '', 0, 0, '', '', '', '0', '', '', '', '', '', '', '', '', '', '', '', '2017-07-20', '0000-00-00', 0, '', b'0', b'0', 0, 0),
(76, 0, '0000-00-00', 'try try', '', 'try try2', '1', '', '0000-00-00', 1, 1, 1, '', '', '', 0, 0, '', '', '', '0', '', '', '', '', '', '', '', '', '', '', '', '2017-07-20', '0000-00-00', 0, '', b'0', b'0', 0, 0),
(77, 0, '0000-00-00', 'try try', '', 'try try2', '1', '', '0000-00-00', 1, 1, 1, '', '', '', 0, 0, '', '', '', '0', '', '', '', '', '', '', '', '', '', '', '', '2017-07-20', '0000-00-00', 0, '', b'0', b'0', 0, 0),
(78, 0, '0000-00-00', 'kkkkkkkk', '', 'try try2', '1', '', '0000-00-00', 1, 1, 1, '', '', '', 0, 0, '', '', '', '0', '', '', '', '', '', '', '', '', '', '', '', '2017-07-20', '0000-00-00', 0, '', b'0', b'0', 0, 0),
(79, 0, '0000-00-00', 'try try', '', 'try try2', '1', '', '0000-00-00', 1, 1, 1, '', '', '', 0, 0, '', '', '', '0', '', '', '', '', '', '', '', '', '', '', '', '2017-07-20', '0000-00-00', 0, '', b'0', b'0', 0, 0),
(80, 0, '0000-00-00', 'lkkk', '', 'try try2', '1', '', '0000-00-00', 1, 1, 1, '', '', '', 0, 0, '', '', '', '0', '', '', '', '', '', '', '', '', '', '', '', '2017-07-20', '0000-00-00', 0, '', b'0', b'0', 0, 0),
(81, 0, '0000-00-00', 'kkkkkkkk', '', 'try try2', '1', '', '0000-00-00', 1, 1, 1, '', '', '', 0, 0, '', '', '', '0', '', '', '', '', '', '', '', '', '', '', '', '2017-07-20', '0000-00-00', 0, '', b'0', b'0', 0, 0),
(82, 0, '0000-00-00', 'kjjjjjjjj', '', 'try try2', '1', '', '0000-00-00', 1, 1, 1, '', '', '', 0, 0, '', '', '', '0', '', '', '', '', '', '', '', '', '', '', '', '2017-07-20', '0000-00-00', 0, '', b'0', b'0', 0, 0),
(83, 0, '0000-00-00', 'try try', '', 'try try2', '1', '', '0000-00-00', 1, 1, 1, '', '', '', 0, 0, '', '', '', '0', '', '', '', '', '', '', '', '', '', '', '', '2017-07-20', '0000-00-00', 0, '', b'0', b'0', 0, 0),
(84, 0, '0000-00-00', 'try try', '', 'try try2', '1', '', '0000-00-00', 1, 1, 1, '', '', '', 0, 0, '', '', '', '0', '', '', '', '', '', '', '', '', '', '', '', '2017-07-20', '0000-00-00', 0, '', b'0', b'0', 0, 0),
(85, 0, '0000-00-00', 'jjjjjjjjj', '', 'try try2', '1', '', '0000-00-00', 1, 1, 1, '', '', '', 0, 0, '', '', '', '0', '', '', '', '', '', '', '', '', '', '', '', '2017-07-20', '0000-00-00', 0, '', b'0', b'0', 0, 0),
(86, 0, '0000-00-00', 'try try', '', 'try try2', '1', '', '0000-00-00', 1, 1, 1, '', '', '', 0, 0, '', '', '', '0', '', 'taize', 'taiz', 'ym', 'taiz', 'tz', 'ym', '55555555', '55555555', '555555555555', '5555555555555', '2017-07-20', '0000-00-00', 0, '274841_', b'0', b'0', 0, 0),
(87, 0, '0000-00-00', 'try try', '', 'try try2', '1', '', '0000-00-00', 1, 2, 1, '', '', '', 0, 0, '', '', '', '0', '', '', '', '', '', '', '', '', '', '', '', '2017-07-20', '0000-00-00', 0, '', b'0', b'0', 0, 0),
(88, 0, '0000-00-00', 'try try', '', 'try try2', '1', '', '0000-00-00', 1, 1, 1, '', '', '', 0, 0, '', '', '', '0', '', '', '', '', '', '', '', '', '', '', '', '2017-07-20', '0000-00-00', 0, '', b'0', b'0', 0, 0),
(89, 0, '0000-00-00', 'try try', '', 'try try2', '1', '', '0000-00-00', 1, 1, 1, 'mmmmmmmmmmmmmmm', ']]]]]]]]]]]]]]]]]]', '', 0, 0, '', '', '', '0', '', '', '', '', '', '', '', '', '', '', '', '2017-07-20', '0000-00-00', 0, '', b'0', b'0', 0, 0),
(90, 0, '0000-00-00', 'try try', '', 'try try2', '1', '', '0000-00-00', 1, 1, 1, '', '', '', 0, 0, '', '', '', '0', '', '', '', '', '', '', '', '', '', '', '', '2017-07-20', '0000-00-00', 0, '', b'0', b'0', 0, 0),
(91, 0, '0000-00-00', 'try try', '', 'try try2', '1', '', '0000-00-00', 1, 1, 1, '', '', '', 0, 0, '', '', '', '0', '', '', '', '', '', '', '', '', '', '', '', '2017-07-20', '0000-00-00', 0, '', b'0', b'0', 0, 0),
(92, 0, '0000-00-00', 'try try', '', 'try try2', '1', '', '0000-00-00', 1, 1, 1, '', '', '', 0, 0, '', '', '', '0', '', '', '', '', '', '', '', '', '', '', '', '2017-07-20', '0000-00-00', 0, '', b'0', b'0', 0, 0),
(93, 0, '0000-00-00', 'try try', '', 'try try2', '1', '', '0000-00-00', 1, 1, 1, '', '', '', 0, 0, '', '', '', '0', '', '', '', '', '', '', '', '', '', '', '', '2017-07-20', '0000-00-00', 0, '', b'0', b'0', 0, 0),
(94, 0, '0000-00-00', 'try try', '', 'try try2', '1', '', '0000-00-00', 1, 1, 1, '', '', '', 0, 0, '', '', '', '0', '', '', '', '', '', '', '', '', '', '', '', '2017-07-20', '0000-00-00', 0, '', b'0', b'0', 0, 0),
(95, 0, '0000-00-00', 'try try', '', 'try try2', '1', '', '0000-00-00', 1, 1, 1, '', '', '', 0, 0, '', '', '', '0', '', '', '', '', '', '', '', '', '', '', '', '2017-07-20', '0000-00-00', 0, '', b'0', b'0', 0, 0),
(96, 0, '0000-00-00', 'jjjjjjjjjjj', '', 'try try2', '1', '', '0000-00-00', 1, 1, 1, '', '', '', 0, 0, '', '', '', '0', '', '', '', '', '', '', '', '', '', '', '', '2017-07-20', '0000-00-00', 0, '', b'0', b'0', 0, 0),
(97, 0, '0000-00-00', 'jjjjjjjjjjj', '', 'try try2', '1', '', '0000-00-00', 1, 1, 1, '', '', '', 0, 0, '', '', '', '0', '', '', '', '', '', '', '', '', '', '', '', '2017-07-20', '0000-00-00', 0, '', b'0', b'0', 0, 0),
(98, 0, '2017-07-21', 'try try', '', 'try try2', '1', '', '0000-00-00', 1, 1, 1, '', '', '', 0, 0, '', '', '', '0', '', 'jjjjjjjj', 'jjjjjjjjjjj', 'jjjjjj', '', '', '', '', 'jjjjjjjjjjjjjjjjjj', 'jjjjjjjjjjjjjj', '', '2017-07-20', '0000-00-00', 0, '', b'0', b'0', 0, 0),
(99, 0, '2017-07-21', 'try try', '', 'try try2', '1', '', '0000-00-00', 1, 1, 1, '', '', '', 0, 0, '', '', '', '0', '', 'xxxxxxxxxxxx', 'jjjjjjjjjjjjj', 'jjjjjjjjjjjj', '', '', '', '', '', '', '', '2017-07-20', '0000-00-00', 0, '', b'0', b'0', 0, 0),
(100, 0, '2017-07-21', 'try try', '', 'try try2', '1', '', '0000-00-00', 1, 1, 1, '', '', '', 0, 0, '', '', '', '0', '', '', '', '', '', '', '', '', '', '', '', '2017-07-20', '0000-00-00', 0, '', b'0', b'0', 0, 0),
(101, 0, '2017-07-21', 'try try', '', 'try try2', '1', '', '0000-00-00', 1, 1, 1, '', '', '', 0, 0, '', '', '', '0', '', '', '', '', '', '', '', '', '', '', '', '2017-07-20', '0000-00-00', 0, '', b'0', b'0', 0, 0),
(102, 0, '2017-07-21', 'try try', '', 'try try2', '1', '', '0000-00-00', 1, 1, 1, '', '', '', 0, 0, '', '', '', '0', '', '', '', '', '', '', '', '', '', '', '', '2017-07-20', '0000-00-00', 0, '', b'0', b'0', 0, 0),
(103, 0, '2017-07-21', 'try try', '', 'try try2', '1', '', '0000-00-00', 1, 1, 1, '', '', '', 0, 0, '', '', '', '0', '', '', '', '', '', '', '', '', '', '', '', '2017-07-20', '0000-00-00', 0, '', b'0', b'0', 0, 0),
(104, 0, '2017-07-21', 'try try', '', 'try try2', '1', '', '0000-00-00', 1, 1, 1, '', '', '', 0, 0, '', '', '', '0', '', '', '', '', '', '', '', '', '', '', '', '2017-07-20', '0000-00-00', 0, '', b'0', b'0', 0, 0),
(105, 0, '2017-07-21', 'try try', '', 'try try2', '1', '', '0000-00-00', 1, 1, 1, '', '', '', 0, 0, '', '', '', '0', '', '', '', '', '', '', '', '', '', '', '', '2017-07-20', '0000-00-00', 0, '', b'0', b'0', 0, 0),
(106, 0, '2017-07-21', 'try try', '', 'try try2', '1', '', '0000-00-00', 1, 1, 1, '', '', '', 0, 0, '', '', '', '0', '', 'dddddddd', 'uuuuuuuuuuuu', '', '', '', '', '', '', '', '', '2017-07-20', '0000-00-00', 0, '', b'0', b'0', 0, 0),
(107, 0, '2017-07-21', 'try try', '', 'try try2', '1', '', '0000-00-00', 1, 1, 1, '', '', '', 0, 0, '', '', '', '0', '', 'uuuuuuuuu', '', '', '', '', '', '', '', '', '', '2017-07-20', '0000-00-00', 0, '728302_Rounded-38-512.png', b'0', b'0', 0, 0),
(108, 0, '2017-07-21', 'try try', '', 'try try2', '1', '', '0000-00-00', 1, 1, 1, '', '', '', 0, 0, '', '', '', '0', '', 'jjjjjjjjjj', 'jjjjjjjjjjjjjjjjjjjjjjj', 'jjjjjjjjjjjjjj', '', '', '', '', '', '', '', '2017-07-20', '0000-00-00', 0, '377807_', b'0', b'0', 0, 0),
(109, 0, '2017-07-21', 'try try', '', 'try try2', '1', '', '0000-00-00', 1, 1, 1, '', '', '', 0, 0, '', '', '', '0', '', 'kjjjjjjjjjjjjjjjjj', 'jjjjjjjjjjjjjj', '', '', '', '', '', '', '', '', '2017-07-20', '0000-00-00', 0, '948273_ش.jpg', b'0', b'0', 0, 0),
(110, 0, '2017-07-21', 'try try', '', 'try try2', '1', '', '0000-00-00', 1, 1, 1, '', '', '', 0, 0, '', '', '', '0', '', 'kkkkkkk', 'jjjjjjjjjjjj', '', '', '', '', '', '', '', '', '2017-07-20', '0000-00-00', 0, '906800_', b'0', b'0', 0, 0),
(111, 0, '2017-07-21', 'try try', '', 'try try2', '1', '', '0000-00-00', 1, 1, 1, '', '', '', 0, 0, '', '', '', '0', '', 'llllll', '', '', '', '', '', '', '', '', '', '2017-07-20', '0000-00-00', 0, '659577_', b'0', b'0', 0, 0),
(112, 0, '2017-07-21', 'llllllllllllll', '', 'try try2', '1', '', '0000-00-00', 1, 1, 1, '', '', '', 0, 0, '', '', '', '0', '', 'llllllllllllllll', '', '', '', '', '', '', '', '', '', '2017-07-20', '0000-00-00', 0, '716065_ش.jpg', b'0', b'0', 0, 0),
(113, 0, '2017-07-21', 'try try', '', 'try try2', '1', '', '0000-00-00', 1, 1, 1, '', '', '', 0, 0, '', '', '', '0', '', 'kkkkkkkkkkkkkk', '', '', '', '', '', '', '', '', '', '2017-07-20', '0000-00-00', 0, '692444_user-plus-512.png', b'0', b'0', 0, 0),
(114, 0, '2017-07-21', 'try try', '', 'try try2', '1', '', '0000-00-00', 1, 1, 1, '', '', '', 0, 0, '', '', '', '0', '', 'eeeeeeeeeeeeeee', '', '', '', '', '', '', '', '', '', '2017-07-21', '0000-00-00', 0, '229461_ش.jpg', b'0', b'0', 0, 0),
(115, 0, '2017-07-21', 'try try', '', 'try try2', '1', '', '0000-00-00', 1, 1, 1, '', '', '', 0, 0, '', '', '', '0', '', 'llllllllllllll', '', '', '', '', '', '', '', '', '', '2017-07-21', '0000-00-00', 0, '737183_user-secret-512.png', b'0', b'0', 0, 0),
(116, 0, '2017-07-25', 'try try', '', 'try try2', '1', '', '0000-00-00', 1, 1, 1, '', '', '', 0, 0, '', '', '', '0', '', 'eeeeeeeeeeeee', '', '', '', '', '', '', '', '', '', '2017-07-25', '0000-00-00', 0, '421875_', b'0', b'0', 0, 0),
(117, 0, '2017-07-26', 'try try', '', 'try try2', '1', '', '0000-00-00', 1, 1, 1, '', '', '', 0, 0, '', '', '', '0', '', 'i', '', '', '', '', '', '', '', '', '', '2017-07-26', '0000-00-00', 0, '255920_icons_user-512.png', b'0', b'0', 0, 0);

-- --------------------------------------------------------

--
-- Table structure for table `employeeadditionaldetail`
--

CREATE TABLE IF NOT EXISTS `employeeadditionaldetail` (
  `Id` int(10) NOT NULL AUTO_INCREMENT,
  `employee_id` int(10) NOT NULL,
  `additional_field_id` int(10) NOT NULL,
  `additional_info` varchar(255) NOT NULL,
  `is_deleted` bit(1) NOT NULL DEFAULT b'0',
  PRIMARY KEY (`Id`),
  KEY `employeeadditionaldetial_employee` (`employee_id`),
  KEY `employeeadditionaldetial_employeeadditionalfield` (`additional_field_id`)
) ENGINE=InnoDB  DEFAULT CHARSET=utf8 AUTO_INCREMENT=35 ;

--
-- Dumping data for table `employeeadditionaldetail`
--

INSERT INTO `employeeadditionaldetail` (`Id`, `employee_id`, `additional_field_id`, `additional_info`, `is_deleted`) VALUES
(1, 20, 1, '666666666666666666', b'0'),
(2, 20, 2, '8888888888888888888888', b'0'),
(5, 20, 1, '666666666666666666', b'0'),
(6, 20, 2, '8888888888888888888888', b'0'),
(7, 57, 1, '77777777777777777777777', b'0'),
(8, 57, 2, '77777777777777', b'0'),
(9, 61, 1, 'gggggggg', b'0'),
(10, 61, 2, 'ggggggg', b'0'),
(11, 62, 1, 'ttttttttt', b'0'),
(12, 62, 2, 'tttttt', b'0'),
(13, 0, 1, '7888888888888888888888888888', b'0'),
(14, 0, 2, '88888888888', b'0'),
(15, 0, 1, '7888888888888888888888888888', b'0'),
(16, 0, 2, '88888888888', b'0'),
(17, 108, 1, 'kkkkkkkkkkkkkkkkkkkk', b'0'),
(18, 108, 2, 'kkkkkkkkkkkkkkkk', b'0'),
(19, 107, 1, 'uuuuuuuuuuuuuuu', b'0'),
(20, 107, 1, 'uuuuuuuuuuuuuuu', b'0'),
(21, 109, 1, 'sssssssss', b'0'),
(22, 109, 2, 'ddddddd', b'0'),
(23, 110, 1, 'fffffffffffff', b'0'),
(24, 111, 1, 'jjjjj', b'0'),
(25, 111, 1, 'jjjjj', b'0'),
(26, 111, 1, 'jjjjjjjjjjjjjj', b'0'),
(27, 111, 1, 'jjjjjjjjjjjjjj', b'0'),
(28, 112, 1, 'ddddddddddddddd', b'0'),
(29, 110, 1, 'fffffffffffff', b'0'),
(30, 113, 1, 'dddddddddd', b'0'),
(31, 113, 2, 'dddddddddddd', b'0'),
(32, 114, 1, 'lkkkkkkkkkkkkk', b'0'),
(33, 115, 1, 'kkkkkkkkkkkk', b'0'),
(34, 116, 1, 'eeeeeeee', b'0');

-- --------------------------------------------------------

--
-- Table structure for table `employeeadditionalfield`
--

CREATE TABLE IF NOT EXISTS `employeeadditionalfield` (
  `Id` int(10) NOT NULL AUTO_INCREMENT,
  `name` varchar(255) NOT NULL,
  `is_deleted` bit(1) NOT NULL DEFAULT b'0',
  PRIMARY KEY (`Id`)
) ENGINE=InnoDB  DEFAULT CHARSET=utf8 AUTO_INCREMENT=3 ;

--
-- Dumping data for table `employeeadditionalfield`
--

INSERT INTO `employeeadditionalfield` (`Id`, `name`, `is_deleted`) VALUES
(1, 'رقم الجواز', b'0'),
(2, 'رقم البطاقة', b'0');

-- --------------------------------------------------------

--
-- Table structure for table `employeecategory`
--

CREATE TABLE IF NOT EXISTS `employeecategory` (
  `Id` int(10) NOT NULL AUTO_INCREMENT,
  `name` varchar(255) NOT NULL,
  `code` varchar(255) NOT NULL,
  `is_deleted` bit(1) NOT NULL DEFAULT b'0',
  PRIMARY KEY (`Id`)
) ENGINE=InnoDB  DEFAULT CHARSET=utf8 AUTO_INCREMENT=8 ;

--
-- Dumping data for table `employeecategory`
--

INSERT INTO `employeecategory` (`Id`, `name`, `code`, `is_deleted`) VALUES
(2, 'غير متعلمين', '', b'0'),
(3, 'متعاقدين', 'v', b'0'),
(4, 'اجانب', 'ا ج', b'0'),
(7, 'jjj', 'ttt', b'0');

-- --------------------------------------------------------

--
-- Table structure for table `employeeleavetype`
--

CREATE TABLE IF NOT EXISTS `employeeleavetype` (
  `Id` int(10) NOT NULL AUTO_INCREMENT,
  `name` varchar(255) NOT NULL,
  `code` varchar(255) NOT NULL,
  `max_leave_count` varchar(255) NOT NULL,
  `is_deleted` bit(1) NOT NULL DEFAULT b'0',
  PRIMARY KEY (`Id`)
) ENGINE=InnoDB  DEFAULT CHARSET=utf8 AUTO_INCREMENT=6 ;

--
-- Dumping data for table `employeeleavetype`
--

INSERT INTO `employeeleavetype` (`Id`, `name`, `code`, `max_leave_count`, `is_deleted`) VALUES
(1, 'عيدية', 'hhh', '10', b'0'),
(2, 'طارئة', '', '15يوم', b'0'),
(5, 'مرض', 'م ر', '40', b'0');

-- --------------------------------------------------------

--
-- Table structure for table `employeeposition`
--

CREATE TABLE IF NOT EXISTS `employeeposition` (
  `Id` int(10) NOT NULL AUTO_INCREMENT,
  `name` varchar(255) NOT NULL,
  `employee_category_id` int(10) NOT NULL,
  `is_deleted` bit(1) NOT NULL DEFAULT b'0',
  PRIMARY KEY (`Id`),
  KEY `employeeposition_employeecategory` (`employee_category_id`)
) ENGINE=InnoDB  DEFAULT CHARSET=utf8 AUTO_INCREMENT=7 ;

--
-- Dumping data for table `employeeposition`
--

INSERT INTO `employeeposition` (`Id`, `name`, `employee_category_id`, `is_deleted`) VALUES
(1, 'دكتور', 1, b'0'),
(2, 'مشرف معام1', 1, b'0'),
(3, 'اداري', 1, b'0'),
(4, 'مالي', 1, b'0'),
(5, 'فراش', 2, b'0'),
(6, 'teacher', 4, b'0');

-- --------------------------------------------------------

--
-- Table structure for table `employeessubject`
--

CREATE TABLE IF NOT EXISTS `employeessubject` (
  `Id` int(10) NOT NULL AUTO_INCREMENT,
  `employee_id` int(10) NOT NULL,
  `subject_id` int(10) NOT NULL,
  `dept_id` int(10) NOT NULL,
  `course_id` int(10) NOT NULL,
  `level_id` int(10) NOT NULL,
  `term_id` int(10) NOT NULL,
  `is_work` bit(1) NOT NULL DEFAULT b'0',
  `is_deleted` bit(1) NOT NULL DEFAULT b'0',
  PRIMARY KEY (`Id`),
  KEY `employeessubject_employee` (`employee_id`),
  KEY `employeessubject_subject` (`subject_id`),
  KEY `employeessubject_department` (`dept_id`),
  KEY `employeessubject_course` (`course_id`),
  KEY `employeessubject_level` (`level_id`),
  KEY `employeessubject_term` (`term_id`)
) ENGINE=InnoDB  DEFAULT CHARSET=utf8 AUTO_INCREMENT=22 ;

--
-- Dumping data for table `employeessubject`
--

INSERT INTO `employeessubject` (`Id`, `employee_id`, `subject_id`, `dept_id`, `course_id`, `level_id`, `term_id`, `is_work`, `is_deleted`) VALUES
(1, 14, 24, 1, 1, 1, 1, b'0', b'0'),
(2, 15, 29, 1, 1, 1, 1, b'0', b'0'),
(3, 16, 31, 1, 1, 1, 1, b'0', b'0'),
(4, 17, 42, 1, 1, 1, 1, b'0', b'0'),
(5, 18, 43, 1, 1, 1, 1, b'0', b'0'),
(6, 19, 44, 1, 1, 1, 1, b'0', b'0'),
(7, 20, 52, 1, 1, 1, 1, b'0', b'0'),
(9, 14, 11, 1, 1, 1, 2, b'0', b'0'),
(10, 15, 23, 1, 1, 1, 2, b'0', b'0'),
(11, 17, 26, 1, 1, 1, 2, b'0', b'0'),
(12, 17, 27, 1, 1, 1, 2, b'0', b'0'),
(13, 18, 45, 1, 1, 1, 2, b'0', b'0'),
(14, 16, 46, 1, 1, 1, 2, b'0', b'0'),
(15, 14, 47, 2, 74, 1, 1, b'0', b'0'),
(16, 14, 68, 1, 1, 1, 2, b'0', b'0'),
(20, 22, 55, 1, 1, 1, 1, b'0', b'0'),
(21, 21, 33, 1, 1, 1, 1, b'0', b'0');

-- --------------------------------------------------------

--
-- Table structure for table `exam`
--

CREATE TABLE IF NOT EXISTS `exam` (
  `Id` int(11) NOT NULL AUTO_INCREMENT,
  `exam_group_id` int(11) DEFAULT NULL,
  `subject_id` int(11) DEFAULT NULL,
  `start_time` varchar(30) CHARACTER SET utf8 DEFAULT NULL,
  `end_time` varchar(30) CHARACTER SET utf8 DEFAULT NULL,
  `maximum_marks` float DEFAULT NULL,
  `minimum_marks` float DEFAULT NULL,
  `event_id` int(11) DEFAULT NULL,
  `created_at` datetime DEFAULT NULL,
  `updated_at` datetime DEFAULT NULL,
  `level_id` int(11) DEFAULT NULL,
  `course_id` int(11) DEFAULT NULL,
  `dept_id` int(11) DEFAULT NULL,
  `term_id` int(11) DEFAULT NULL,
  `is_workable` bit(1) DEFAULT b'0',
  `batch_id` int(11) DEFAULT NULL,
  PRIMARY KEY (`Id`),
  KEY `exam_group_id` (`exam_group_id`),
  KEY `dept_id` (`dept_id`),
  KEY `course_id` (`course_id`),
  KEY `level_id` (`level_id`),
  KEY `batch_id` (`batch_id`),
  KEY `term_id` (`term_id`)
) ENGINE=InnoDB  DEFAULT CHARSET=latin1 AUTO_INCREMENT=140 ;

--
-- Dumping data for table `exam`
--

INSERT INTO `exam` (`Id`, `exam_group_id`, `subject_id`, `start_time`, `end_time`, `maximum_marks`, `minimum_marks`, `event_id`, `created_at`, `updated_at`, `level_id`, `course_id`, `dept_id`, `term_id`, `is_workable`, `batch_id`) VALUES
(29, 1, 52, '2018-01-02', '2017-01-01', 150, 50, NULL, NULL, NULL, 1, 1, 1, 1, b'0', 1),
(31, 1, 24, '2017-06-16', '', 150, 50, NULL, NULL, NULL, 1, 1, 1, 1, b'0', 1),
(33, 1, 29, '2017-06-13', '', 150, 52, NULL, NULL, NULL, 1, 1, 1, 1, b'0', 1),
(34, 1, 31, '', '', 200, 70, NULL, NULL, NULL, 1, 1, 1, 1, b'0', 1),
(35, 1, 42, '2017-06-14', '2017-06-14', 150, 50, NULL, NULL, NULL, 1, 1, 1, 1, b'0', 1),
(37, 1, 43, '', '', 100, 50, NULL, NULL, NULL, 1, 1, 1, 1, b'0', 1),
(43, 2, 27, '', '', 150, 50, NULL, NULL, NULL, 1, 1, 1, 2, b'0', 1),
(46, 2, 11, '', '', 150, 60, NULL, NULL, NULL, 1, 1, 1, 2, b'0', 1),
(50, 2, 26, '', '', 150, 50, NULL, NULL, NULL, 1, 1, 1, 2, b'0', 1),
(51, 2, 45, '', '', 160, 50, NULL, NULL, NULL, 1, 1, 1, 2, b'0', 1),
(52, 2, 46, '', '', 155, 50, NULL, NULL, NULL, 1, 1, 1, 2, b'0', 1),
(58, 2, 23, '', '', 150, 75, NULL, NULL, NULL, 1, 1, 1, 2, b'0', 1),
(60, 1, 44, '', '', 150, 100, NULL, NULL, NULL, 1, 1, 1, 1, b'0', 1),
(65, 1, 55, '', '', 100, 100, NULL, NULL, NULL, 1, 1, 1, 1, b'0', 1),
(67, 1, 32, '', '', 100, 50, NULL, NULL, NULL, 1, 1, 1, 1, b'1', 1),
(68, 1, 33, '', '', 100, 50, NULL, NULL, NULL, 1, 1, 1, 1, b'1', 1),
(69, 1, 34, '', '', 100, 50, NULL, NULL, NULL, 1, 1, 1, 1, b'1', 1),
(70, 2, 35, '', '', 100, 50, NULL, NULL, NULL, 1, 1, 1, 2, b'1', 1),
(71, 2, 36, '', '', 100, 50, NULL, NULL, NULL, 1, 1, 1, 2, b'1', 1),
(72, 2, 37, '', '', 90, 45, NULL, NULL, NULL, 1, 1, 1, 2, b'1', 1),
(73, 2, 38, '', '', 100, 50, NULL, NULL, NULL, 1, 1, 1, 2, b'1', 1),
(75, 17, 22, '', '', 150, 75, NULL, NULL, NULL, 2, 1, 1, 3, b'0', 6),
(76, 17, 28, '', '', 150, 75, NULL, NULL, NULL, 2, 1, 1, 3, b'0', 6),
(77, 17, 56, '', '', 100, 50, NULL, NULL, NULL, 2, 1, 1, 3, b'0', 6),
(78, 17, 57, '', '', 100, 50, NULL, NULL, NULL, 2, 1, 1, 3, b'0', 6),
(79, 17, 58, '', '', 150, 75, NULL, NULL, NULL, 2, 1, 1, 3, b'0', 6),
(80, 17, 59, '', '', 100, 50, NULL, NULL, NULL, 2, 1, 1, 3, b'0', 6),
(81, 17, 60, '', '', 150, 75, NULL, NULL, NULL, 2, 1, 1, 3, b'0', 6),
(82, 17, 39, '', '', 50, 25, NULL, NULL, NULL, 2, 1, 1, 3, b'1', 6),
(83, 17, 40, '', '', 50, 26, NULL, NULL, NULL, 2, 1, 1, 3, b'1', 6),
(84, 17, 41, '', '', 50, 25, NULL, NULL, NULL, 2, 1, 1, 3, b'1', 6),
(85, 17, 42, '', '', 50, 25, NULL, NULL, NULL, 2, 1, 1, 3, b'1', 6),
(86, 16, 61, '', '', 150, 75, NULL, NULL, NULL, 2, 1, 1, 4, b'0', 6),
(87, 16, 63, '', '', 150, 75, NULL, NULL, NULL, 2, 1, 1, 4, b'0', 6),
(88, 16, 62, '', '', 150, 75, NULL, NULL, NULL, 2, 1, 1, 4, b'0', 6),
(89, 16, 64, '', '', 150, 75, NULL, NULL, NULL, 2, 1, 1, 4, b'0', 6),
(90, 16, 65, '', '', 150, 75, NULL, NULL, NULL, 2, 1, 1, 4, b'0', 6),
(91, 16, 66, '', '', 150, 75, NULL, NULL, NULL, 2, 1, 1, 4, b'0', 6),
(92, 16, 43, '', '', 50, 25, NULL, NULL, NULL, 2, 1, 1, 4, b'1', 6),
(93, 16, 44, '', '', 100, 50, NULL, NULL, NULL, 2, 1, 1, 4, b'1', 6),
(94, 16, 45, '', '', 50, 25, NULL, NULL, NULL, 2, 1, 1, 4, b'1', 6),
(95, 16, 46, '', '', 50, 25, NULL, NULL, NULL, 2, 1, 1, 4, b'1', 6),
(96, 18, 21, '', '', 150, 75, NULL, NULL, NULL, 2, 1, 1, 3, b'0', 1),
(97, 18, 22, '', '', 150, 75, NULL, NULL, NULL, 2, 1, 1, 3, b'0', 1),
(98, 18, 28, '', '', 150, 75, NULL, NULL, NULL, 2, 1, 1, 3, b'0', 1),
(99, 18, 56, '', '', 100, 50, NULL, NULL, NULL, 2, 1, 1, 3, b'0', 1),
(100, 18, 57, '', '', 100, 50, NULL, NULL, NULL, 2, 1, 1, 3, b'0', 1),
(101, 18, 58, '', '', 150, 75, NULL, NULL, NULL, 2, 1, 1, 3, b'0', 1),
(102, 18, 59, '', '', 150, 75, NULL, NULL, NULL, 2, 1, 1, 3, b'0', 1),
(103, 18, 60, '', '', 150, 75, NULL, NULL, NULL, 2, 1, 1, 3, b'0', 1),
(104, 18, 39, '', '', 50, 25, NULL, NULL, NULL, 2, 1, 1, 3, b'1', 1),
(105, 18, 40, '', '', 50, 25, NULL, NULL, NULL, 2, 1, 1, 3, b'1', 1),
(106, 18, 41, '', '', 50, 25, NULL, NULL, NULL, 2, 1, 1, 3, b'1', 1),
(107, 18, 42, '', '', 50, 25, NULL, NULL, NULL, 2, 1, 1, 3, b'1', 1),
(108, 19, 61, '', '', 150, 75, NULL, NULL, NULL, 2, 1, 1, 4, b'0', 1),
(109, 19, 62, '', '', 150, 75, NULL, NULL, NULL, 2, 1, 1, 4, b'0', 1),
(110, 19, 63, '', '', 150, 75, NULL, NULL, NULL, 2, 1, 1, 4, b'0', 1),
(111, 19, 64, '', '', 150, 75, NULL, NULL, NULL, 2, 1, 1, 4, b'0', 1),
(112, 19, 65, '', '', 150, 75, NULL, NULL, NULL, 2, 1, 1, 4, b'0', 1),
(113, 19, 66, '', '', 150, 75, NULL, NULL, NULL, 2, 1, 1, 4, b'0', 1),
(114, 19, 43, '', '', 50, 25, NULL, NULL, NULL, 2, 1, 1, 4, b'1', 1),
(115, 19, 44, '', '', 50, 25, NULL, NULL, NULL, 2, 1, 1, 4, b'1', 1),
(116, 19, 45, '', '', 50, 25, NULL, NULL, NULL, 2, 1, 1, 4, b'1', 1),
(117, 19, 46, '', '', 50, 25, NULL, NULL, NULL, 2, 1, 1, 4, b'1', 1),
(118, 20, 24, '', '', 150, 75, NULL, NULL, NULL, 1, 1, 1, 1, b'0', 18),
(119, 20, 29, '', '', 150, 75, NULL, NULL, NULL, 1, 1, 1, 1, b'0', 18),
(120, 20, 31, '', '', 150, 75, NULL, NULL, NULL, 1, 1, 1, 1, b'0', 18),
(121, 20, 42, '', '', 100, 50, NULL, NULL, NULL, 1, 1, 1, 1, b'0', 18),
(122, 20, 43, '', '', 100, 50, NULL, NULL, NULL, 1, 1, 1, 1, b'0', 18),
(123, 20, 44, '', '', 100, 50, NULL, NULL, NULL, 1, 1, 1, 1, b'0', 18),
(124, 20, 52, '', '', 150, 75, NULL, NULL, NULL, 1, 1, 1, 1, b'0', 18),
(125, 20, 55, '', '', 150, 75, NULL, NULL, NULL, 1, 1, 1, 1, b'0', 18),
(126, 20, 32, '', '', 50, 25, NULL, NULL, NULL, 1, 1, 1, 1, b'1', 18),
(127, 20, 33, '', '', 50, 25, NULL, NULL, NULL, 1, 1, 1, 1, b'1', 18),
(128, 20, 34, '', '', 50, 25, NULL, NULL, NULL, 1, 1, 1, 1, b'1', 18),
(129, 21, 11, '', '', 150, 75, NULL, NULL, NULL, 1, 1, 1, 2, b'0', 18),
(130, 21, 23, '', '', 150, 75, NULL, NULL, NULL, 1, 1, 1, 2, b'0', 18),
(131, 21, 26, '', '', 150, 75, NULL, NULL, NULL, 1, 1, 1, 2, b'0', 18),
(132, 21, 27, '', '', 150, 75, NULL, NULL, NULL, 1, 1, 1, 2, b'0', 18),
(133, 21, 45, '', '', 150, 75, NULL, NULL, NULL, 1, 1, 1, 2, b'0', 18),
(134, 21, 46, '', '', 150, 75, NULL, NULL, NULL, 1, 1, 1, 2, b'0', 18),
(135, 21, 35, '', '', 50, 25, NULL, NULL, NULL, 1, 1, 1, 2, b'1', 18),
(136, 21, 36, '', '', 50, 25, NULL, NULL, NULL, 1, 1, 1, 2, b'1', 18),
(137, 21, 37, '', '', 50, 25, NULL, NULL, NULL, 1, 1, 1, 2, b'1', 18),
(138, 21, 38, '', '', 50, 25, NULL, NULL, NULL, 1, 1, 1, 2, b'1', 18),
(139, 22, 67, '2017-08-01', '2017-08-05', 150, 75, NULL, NULL, NULL, 3, 1, 1, 5, b'0', 19);

-- --------------------------------------------------------

--
-- Table structure for table `exam2`
--

CREATE TABLE IF NOT EXISTS `exam2` (
  `Id` int(10) NOT NULL AUTO_INCREMENT,
  `exam_group_id` int(10) NOT NULL,
  `subject_id` int(10) NOT NULL,
  `start_time` varchar(255) NOT NULL,
  `end_time` varchar(255) NOT NULL,
  `maximum_marks` float NOT NULL,
  `minimum_marks` float NOT NULL,
  `created_at` date NOT NULL,
  `update_at` date NOT NULL,
  `level_id` int(10) NOT NULL,
  `course_id` int(10) NOT NULL,
  `term_id` int(10) NOT NULL,
  `is_workable` bit(1) NOT NULL DEFAULT b'0',
  `batch_id` int(10) NOT NULL,
  PRIMARY KEY (`Id`),
  KEY `exam_examgroup` (`exam_group_id`),
  KEY `exam_subject` (`subject_id`),
  KEY `exam_level` (`level_id`),
  KEY `exam_course` (`course_id`),
  KEY `exam_term` (`term_id`),
  KEY `exam_batch` (`batch_id`)
) ENGINE=InnoDB DEFAULT CHARSET=utf8 AUTO_INCREMENT=1 ;

--
-- Dumping data for table `exam2`
--


-- --------------------------------------------------------

--
-- Table structure for table `examgroup`
--

CREATE TABLE IF NOT EXISTS `examgroup` (
  `Id` int(11) NOT NULL AUTO_INCREMENT,
  `name` varchar(30) CHARACTER SET utf8 DEFAULT NULL,
  `is_published` bit(1) DEFAULT NULL,
  `result_published` bit(1) DEFAULT NULL,
  `exam_date` date DEFAULT NULL,
  `is_final_exam` bit(1) DEFAULT NULL,
  `batch_id` int(11) DEFAULT NULL,
  `level_id` int(11) DEFAULT NULL,
  `term_id` int(11) DEFAULT NULL,
  `course_id` int(11) DEFAULT NULL,
  `dept_id` int(11) DEFAULT NULL,
  PRIMARY KEY (`Id`),
  KEY `dept_id` (`dept_id`),
  KEY `course_id` (`course_id`),
  KEY `level_id` (`level_id`),
  KEY `batch_id` (`batch_id`),
  KEY `term_id` (`term_id`)
) ENGINE=InnoDB  DEFAULT CHARSET=latin1 AUTO_INCREMENT=23 ;

--
-- Dumping data for table `examgroup`
--

INSERT INTO `examgroup` (`Id`, `name`, `is_published`, `result_published`, `exam_date`, `is_final_exam`, `batch_id`, `level_id`, `term_id`, `course_id`, `dept_id`) VALUES
(1, 'css1', NULL, NULL, '2017-06-04', NULL, 1, 1, 1, 1, 1),
(2, 'الترم الثاني مستوى اول', NULL, NULL, '2017-11-01', NULL, 1, 1, 2, 1, 1),
(8, 'Ø§Ù„ØªØ±Ù… Ø§Ù„Ø§ÙˆÙ„ ', NULL, NULL, '2017-01-01', NULL, 17, 1, 1, 3, 3),
(11, 'eeeeee', NULL, NULL, '2017-01-01', NULL, 8, 4, 7, 1, 1),
(14, 'ss', NULL, NULL, '2017-06-21', NULL, 7, 3, 6, 1, 1),
(16, 'الترم الثاني مستوئ ثاتي', NULL, NULL, '2017-01-01', NULL, 6, 2, 4, 1, 1),
(17, 'الترم الاول مستوئ ثاني', NULL, NULL, '2017-06-21', NULL, 6, 2, 3, 1, 1),
(18, 'الترم لالول لدفعتنا مستوئ ثاني', NULL, NULL, '2017-06-21', NULL, 1, 2, 3, 1, 1),
(19, 'الترم الثاني دفعتنا مستوى ثاني', NULL, NULL, '2017-06-15', NULL, 1, 2, 4, 1, 1),
(20, 'دفعه 2016 مستوى 1 ترم 1', NULL, NULL, '2017-06-02', NULL, 18, 1, 1, 1, 1),
(21, 'دفعه 2016 مستوئ1 ترم 2', NULL, NULL, '2017-06-22', NULL, 18, 1, 2, 1, 1),
(22, 'ggggggg', NULL, NULL, '2017-08-12', NULL, 19, 3, 5, 1, 1);

-- --------------------------------------------------------

--
-- Table structure for table `examgroup2`
--

CREATE TABLE IF NOT EXISTS `examgroup2` (
  `Id` int(10) NOT NULL AUTO_INCREMENT,
  `name` varchar(255) NOT NULL,
  `exam_date` varchar(255) NOT NULL,
  `batch_id` int(10) NOT NULL,
  `level_id` int(10) NOT NULL,
  `term_id` int(10) NOT NULL,
  `course_id` int(10) NOT NULL,
  `dept_id` int(10) NOT NULL,
  PRIMARY KEY (`Id`),
  KEY `examgroup_batch` (`batch_id`),
  KEY `examgroup_level` (`level_id`),
  KEY `examgroup_term` (`term_id`),
  KEY `examgroup_course` (`course_id`),
  KEY `examgroup_department` (`dept_id`)
) ENGINE=InnoDB DEFAULT CHARSET=utf8 AUTO_INCREMENT=1 ;

--
-- Dumping data for table `examgroup2`
--


-- --------------------------------------------------------

--
-- Table structure for table `examscore`
--

CREATE TABLE IF NOT EXISTS `examscore` (
  `Id` int(11) NOT NULL AUTO_INCREMENT,
  `student_id` int(11) DEFAULT NULL,
  `exam_id` int(11) DEFAULT NULL,
  `marks` decimal(18,2) DEFAULT NULL,
  `first_mark` decimal(18,2) DEFAULT NULL,
  `batch_id` int(11) DEFAULT NULL,
  `level_id` int(11) DEFAULT NULL,
  `term_id` int(11) DEFAULT NULL,
  `is_failed` bit(1) DEFAULT NULL,
  `created_at` datetime DEFAULT NULL,
  `course_id` int(11) DEFAULT NULL,
  `dept_id` int(11) DEFAULT NULL,
  `grading_level_id` int(11) DEFAULT NULL,
  `remarks` varchar(30) CHARACTER SET utf8 DEFAULT NULL,
  PRIMARY KEY (`Id`),
  KEY `dept_id` (`dept_id`),
  KEY `course_id` (`course_id`),
  KEY `level_id` (`level_id`),
  KEY `batch_id` (`batch_id`),
  KEY `term_id` (`term_id`),
  KEY `student_id` (`student_id`)
) ENGINE=InnoDB  DEFAULT CHARSET=latin1 AUTO_INCREMENT=779 ;

--
-- Dumping data for table `examscore`
--

INSERT INTO `examscore` (`Id`, `student_id`, `exam_id`, `marks`, `first_mark`, `batch_id`, `level_id`, `term_id`, `is_failed`, `created_at`, `course_id`, `dept_id`, `grading_level_id`, `remarks`) VALUES
(8, 51, 29, '50.00', NULL, 1, 1, 1, b'0', NULL, 1, 1, NULL, ''),
(9, 52, 29, '66.00', NULL, 1, 1, 1, b'0', NULL, 1, 1, NULL, ''),
(10, 53, 29, '66.00', NULL, 1, 1, 1, b'0', NULL, 1, 1, NULL, ''),
(11, 54, 29, '66.00', NULL, 1, 1, 1, b'0', NULL, 1, 1, NULL, ''),
(12, 55, 29, '99.99', NULL, 1, 1, 1, b'0', NULL, 1, 1, NULL, ''),
(13, 50, 41, '77.00', NULL, 1, 1, 2, b'0', NULL, 1, 1, NULL, ''),
(14, 51, 41, '77.00', NULL, 1, 1, 2, b'0', NULL, 1, 1, NULL, ''),
(15, 52, 41, '77.00', NULL, 1, 1, 2, b'0', NULL, 1, 1, NULL, ''),
(16, 53, 41, '77.00', NULL, 1, 1, 2, b'0', NULL, 1, 1, NULL, ''),
(17, 54, 41, '77.00', NULL, 1, 1, 2, b'0', NULL, 1, 1, NULL, ''),
(18, 55, 41, '77.00', NULL, 1, 1, 2, b'0', NULL, 1, 1, NULL, ''),
(20, 51, 31, '77.00', NULL, 1, 1, 1, b'0', NULL, 1, 1, NULL, ''),
(21, 52, 31, '77.00', NULL, 1, 1, 1, b'0', NULL, 1, 1, NULL, ''),
(22, 53, 31, '77.00', NULL, 1, 1, 1, b'0', NULL, 1, 1, NULL, ''),
(23, 54, 31, '88.00', NULL, 1, 1, 1, b'0', NULL, 1, 1, NULL, ''),
(24, 55, 31, '100.00', NULL, 1, 1, 1, b'0', NULL, 1, 1, NULL, ''),
(25, 50, 33, '55.00', NULL, 1, 1, 1, b'0', NULL, 1, 1, NULL, ''),
(26, 51, 33, '100.00', NULL, 1, 1, 1, b'0', NULL, 1, 1, NULL, ''),
(27, 52, 33, '100.00', NULL, 1, 1, 1, b'0', NULL, 1, 1, NULL, ''),
(28, 53, 33, '100.00', NULL, 1, 1, 1, b'0', NULL, 1, 1, NULL, ''),
(29, 54, 33, '44.00', NULL, 1, 1, 1, b'1', NULL, 1, 1, NULL, ''),
(30, 55, 33, '100.00', NULL, 1, 1, 1, b'0', NULL, 1, 1, NULL, ''),
(31, 50, 37, '44.00', NULL, 1, 1, 1, b'1', NULL, 1, 1, NULL, ''),
(32, 51, 37, '55.00', NULL, 1, 1, 1, b'0', NULL, 1, 1, NULL, ''),
(33, 52, 37, '55.00', NULL, 1, 1, 1, b'0', NULL, 1, 1, NULL, ''),
(34, 53, 37, '55.00', NULL, 1, 1, 1, b'0', NULL, 1, 1, NULL, ''),
(35, 54, 37, '55.00', NULL, 1, 1, 1, b'0', NULL, 1, 1, NULL, ''),
(36, 55, 37, '80.00', NULL, 1, 1, 1, b'0', NULL, 1, 1, NULL, ''),
(38, 51, 35, '44.00', NULL, 1, 1, 1, b'1', NULL, 1, 1, NULL, ''),
(39, 52, 35, '66.00', NULL, 1, 1, 1, b'0', NULL, 1, 1, NULL, ''),
(40, 53, 35, '66.00', NULL, 1, 1, 1, b'0', NULL, 1, 1, NULL, ''),
(41, 54, 35, '66.00', NULL, 1, 1, 1, b'0', NULL, 1, 1, NULL, ''),
(42, 55, 35, '150.00', NULL, 1, 1, 1, b'0', NULL, 1, 1, NULL, ''),
(44, 51, 34, '120.00', NULL, 1, 1, 1, b'0', NULL, 1, 1, NULL, ''),
(45, 52, 34, '50.00', NULL, 1, 1, 1, b'1', NULL, 1, 1, NULL, ''),
(46, 53, 34, '122.00', NULL, 1, 1, 1, b'0', NULL, 1, 1, NULL, ''),
(47, 54, 34, '122.00', NULL, 1, 1, 1, b'0', NULL, 1, 1, NULL, ''),
(48, 55, 34, '200.00', NULL, 1, 1, 1, b'0', NULL, 1, 1, NULL, ''),
(49, 50, 43, '100.00', NULL, 1, 1, 2, b'0', NULL, 1, 1, NULL, ''),
(50, 51, 43, '55.00', NULL, 1, 1, 2, b'0', NULL, 1, 1, NULL, ''),
(51, 52, 43, '55.00', NULL, 1, 1, 2, b'0', NULL, 1, 1, NULL, ''),
(52, 53, 43, '55.00', NULL, 1, 1, 2, b'0', NULL, 1, 1, NULL, ''),
(53, 54, 43, '77.00', NULL, 1, 1, 2, b'0', NULL, 1, 1, NULL, ''),
(54, 55, 43, '150.00', NULL, 1, 1, 2, b'0', NULL, 1, 1, NULL, ''),
(55, 50, 46, '55.00', NULL, 1, 1, 2, b'1', NULL, 1, 1, NULL, ''),
(56, 51, 46, '150.00', NULL, 1, 1, 2, b'0', NULL, 1, 1, NULL, ''),
(57, 52, 46, '77.00', NULL, 1, 1, 2, b'0', NULL, 1, 1, NULL, ''),
(58, 53, 46, '77.00', NULL, 1, 1, 2, b'0', NULL, 1, 1, NULL, ''),
(59, 54, 46, '77.00', NULL, 1, 1, 2, b'0', NULL, 1, 1, NULL, ''),
(60, 55, 46, '150.00', NULL, 1, 1, 2, b'0', NULL, 1, 1, NULL, ''),
(61, 50, 48, '55.00', NULL, 1, 1, 2, b'0', NULL, 1, 1, NULL, 'hlaa'),
(62, 51, 48, '55.00', NULL, 1, 1, 2, b'0', NULL, 1, 1, NULL, ''),
(63, 52, 48, '120.00', NULL, 1, 1, 2, b'0', NULL, 1, 1, NULL, ''),
(64, 53, 48, '55.00', NULL, 1, 1, 2, b'0', NULL, 1, 1, NULL, ''),
(65, 54, 48, '55.00', NULL, 1, 1, 2, b'0', NULL, 1, 1, NULL, ''),
(66, 55, 48, '150.00', NULL, 1, 1, 2, b'0', NULL, 1, 1, NULL, ''),
(68, 51, 49, '55.00', NULL, 1, 1, 2, b'0', NULL, 1, 1, NULL, ''),
(69, 52, 49, '55.00', NULL, 1, 1, 2, b'0', NULL, 1, 1, NULL, ''),
(70, 53, 49, '55.00', NULL, 1, 1, 2, b'0', NULL, 1, 1, NULL, ''),
(71, 54, 49, '55.00', NULL, 1, 1, 2, b'0', NULL, 1, 1, NULL, ''),
(72, 55, 49, '33.00', NULL, 1, 1, 2, b'1', NULL, 1, 1, NULL, ''),
(73, 50, 50, '100.00', NULL, 1, 1, 2, b'0', NULL, 1, 1, NULL, ''),
(74, 51, 50, '100.00', NULL, 1, 1, 2, b'0', NULL, 1, 1, NULL, ''),
(75, 52, 50, '100.00', NULL, 1, 1, 2, b'0', NULL, 1, 1, NULL, ''),
(76, 53, 50, '100.00', NULL, 1, 1, 2, b'0', NULL, 1, 1, NULL, ''),
(77, 54, 50, '100.00', NULL, 1, 1, 2, b'0', NULL, 1, 1, NULL, ''),
(78, 55, 50, '150.00', NULL, 1, 1, 2, b'0', NULL, 1, 1, NULL, ''),
(79, 50, 51, '44.00', NULL, 1, 1, 2, b'1', NULL, 1, 1, NULL, ''),
(80, 51, 51, '77.00', NULL, 1, 1, 2, b'0', NULL, 1, 1, NULL, ''),
(81, 52, 51, '77.00', NULL, 1, 1, 2, b'0', NULL, 1, 1, NULL, ''),
(82, 53, 51, '77.00', NULL, 1, 1, 2, b'0', NULL, 1, 1, NULL, ''),
(83, 54, 51, '77.00', NULL, 1, 1, 2, b'0', NULL, 1, 1, NULL, ''),
(84, 55, 51, '44.00', NULL, 1, 1, 2, b'1', NULL, 1, 1, NULL, ''),
(85, 50, 52, '100.00', NULL, 1, 1, 2, b'0', NULL, 1, 1, NULL, ''),
(86, 51, 52, '55.00', NULL, 1, 1, 2, b'0', NULL, 1, 1, NULL, ''),
(87, 52, 52, '55.00', NULL, 1, 1, 2, b'0', NULL, 1, 1, NULL, ''),
(88, 53, 52, '55.00', NULL, 1, 1, 2, b'0', NULL, 1, 1, NULL, ''),
(89, 54, 52, '55.00', NULL, 1, 1, 2, b'0', NULL, 1, 1, NULL, ''),
(90, 55, 52, '150.00', NULL, 1, 1, 2, b'0', NULL, 1, 1, NULL, ''),
(91, 50, 54, '77.00', NULL, 1, 1, 2, b'0', NULL, 1, 1, NULL, ''),
(92, 51, 54, '70.00', NULL, 1, 1, 2, b'1', NULL, 1, 1, NULL, ''),
(93, 52, 54, '88.00', NULL, 1, 1, 2, b'0', NULL, 1, 1, NULL, ''),
(94, 53, 54, '88.00', NULL, 1, 1, 2, b'0', NULL, 1, 1, NULL, ''),
(95, 54, 54, '88.00', NULL, 1, 1, 2, b'0', NULL, 1, 1, NULL, ''),
(96, 55, 54, '70.00', NULL, 1, 1, 2, b'1', NULL, 1, 1, NULL, ''),
(97, 50, 54, '4444.00', NULL, 1, 1, 2, b'0', NULL, 1, 1, NULL, ''),
(98, 51, 54, '70.00', NULL, 1, 1, 2, b'1', NULL, 1, 1, NULL, ''),
(99, 52, 54, '88.00', NULL, 1, 1, 2, b'0', NULL, 1, 1, NULL, ''),
(100, 53, 54, '88.00', NULL, 1, 1, 2, b'0', NULL, 1, 1, NULL, ''),
(101, 54, 54, '88.00', NULL, 1, 1, 2, b'0', NULL, 1, 1, NULL, ''),
(102, 55, 54, '70.00', NULL, 1, 1, 2, b'1', NULL, 1, 1, NULL, ''),
(103, 50, 55, '59.00', NULL, 1, 1, 2, b'1', NULL, 1, 1, NULL, ''),
(104, 51, 55, '99.00', NULL, 1, 1, 2, b'0', NULL, 1, 1, NULL, ''),
(105, 52, 55, '77.00', NULL, 1, 1, 2, b'0', NULL, 1, 1, NULL, ''),
(106, 53, 55, '77.00', NULL, 1, 1, 2, b'0', NULL, 1, 1, NULL, ''),
(107, 54, 55, '77.00', NULL, 1, 1, 2, b'0', NULL, 1, 1, NULL, ''),
(108, 55, 55, '80.00', NULL, 1, 1, 2, b'0', NULL, 1, 1, NULL, ''),
(109, 50, 56, '150.00', NULL, 1, 1, 2, b'0', NULL, 1, 1, NULL, ''),
(110, 51, 56, '150.00', NULL, 1, 1, 2, b'0', NULL, 1, 1, NULL, ''),
(111, 52, 56, '33.00', NULL, 1, 1, 2, b'1', NULL, 1, 1, NULL, ''),
(112, 53, 56, '33.00', NULL, 1, 1, 2, b'1', NULL, 1, 1, NULL, ''),
(113, 54, 56, '33.00', NULL, 1, 1, 2, b'1', NULL, 1, 1, NULL, ''),
(114, 55, 56, '33.00', NULL, 1, 1, 2, b'1', NULL, 1, 1, NULL, ''),
(115, 50, 57, '99.29', NULL, 1, 1, 2, b'1', NULL, 1, 1, NULL, ''),
(116, 51, 57, '100.00', NULL, 1, 1, 2, b'0', NULL, 1, 1, NULL, ''),
(117, 52, 57, '101.00', NULL, 1, 1, 2, b'0', NULL, 1, 1, NULL, ''),
(118, 53, 57, '102.90', NULL, 1, 1, 2, b'0', NULL, 1, 1, NULL, ''),
(119, 54, 57, '101.00', NULL, 1, 1, 2, b'0', NULL, 1, 1, NULL, ''),
(120, 55, 57, '101.00', NULL, 1, 1, 2, b'0', NULL, 1, 1, NULL, ''),
(121, 50, 53, '40.00', NULL, 1, 1, 1, b'1', NULL, 1, 1, NULL, ''),
(122, 51, 53, '40.00', NULL, 1, 1, 1, b'1', NULL, 1, 1, NULL, ''),
(123, 52, 53, '40.00', NULL, 1, 1, 1, b'1', NULL, 1, 1, NULL, ''),
(124, 53, 53, '40.00', NULL, 1, 1, 1, b'1', NULL, 1, 1, NULL, ''),
(125, 54, 53, '40.00', NULL, 1, 1, 1, b'1', NULL, 1, 1, NULL, ''),
(126, 55, 53, '66.00', NULL, 1, 1, 1, b'0', NULL, 1, 1, NULL, ''),
(127, 56, 53, '55.00', NULL, 1, 1, 1, b'0', NULL, 1, 1, NULL, ''),
(128, 57, 53, '55.00', NULL, 1, 1, 1, b'0', NULL, 1, 1, NULL, ''),
(129, 58, 53, '55.00', NULL, 1, 1, 1, b'0', NULL, 1, 1, NULL, ''),
(130, 56, 29, '88.00', NULL, 1, 1, 1, b'0', NULL, 1, 1, NULL, ''),
(131, 57, 29, '88.00', NULL, 1, 1, 1, b'0', NULL, 1, 1, NULL, ''),
(132, 58, 29, '88.00', NULL, 1, 1, 1, b'0', NULL, 1, 1, NULL, ''),
(133, 56, 31, '100.00', NULL, 1, 1, 1, b'0', NULL, 1, 1, NULL, 'تم الحاق الدرجة مؤخرت'),
(134, 57, 31, '66.00', NULL, 1, 1, 1, b'0', NULL, 1, 1, NULL, 'تم الحاق الدرجة مؤخرت'),
(135, 58, 31, '66.00', NULL, 1, 1, 1, b'0', NULL, 1, 1, NULL, 'تم الحاق الدرجة مؤخرت'),
(136, 56, 34, '200.00', NULL, 1, 1, 1, b'0', NULL, 1, 1, NULL, 'تم الحاق الدرجة مؤخرت'),
(137, 57, 34, '77.00', NULL, 1, 1, 1, b'0', NULL, 1, 1, NULL, 'تم الحاق الدرجة مؤخرت'),
(138, 58, 34, '0.00', NULL, 1, 1, 1, b'1', NULL, 1, 1, NULL, 'تم الحاق الدرجة مؤخرت'),
(139, 56, 35, '88.00', NULL, 1, 1, 1, b'0', NULL, 1, 1, NULL, 'تم الحاق الدرجة مؤخرت'),
(140, 57, 35, '6.00', NULL, 1, 1, 1, b'1', NULL, 1, 1, NULL, 'تم الحاق الدرجة مؤخرت'),
(141, 58, 35, '6.00', NULL, 1, 1, 1, b'1', NULL, 1, 1, NULL, 'تم الحاق الدرجة مؤخرت'),
(142, 56, 33, '100.00', NULL, 1, 1, 1, b'0', NULL, 1, 1, NULL, 'تم الحاق الدرجة مؤخرت'),
(143, 57, 33, '99.00', NULL, 1, 1, 1, b'0', NULL, 1, 1, NULL, 'تم الحاق الدرجة مؤخرت'),
(144, 58, 33, '99.00', NULL, 1, 1, 1, b'0', NULL, 1, 1, NULL, 'تم الحاق الدرجة مؤخرت'),
(145, 56, 51, '88.00', NULL, 1, 1, 2, b'0', NULL, 1, 1, NULL, 'تم الحاق الدرجة مؤخرت'),
(146, 57, 51, '0.00', NULL, 1, 1, 2, b'1', NULL, 1, 1, NULL, 'تم الحاق الدرجة مؤخرت'),
(147, 58, 51, '0.00', NULL, 1, 1, 2, b'1', NULL, 1, 1, NULL, 'تم الحاق الدرجة مؤخرت'),
(148, 56, 49, '77.00', NULL, 1, 1, 2, b'0', NULL, 1, 1, NULL, 'تم الحاق الدرجة مؤخرت'),
(149, 57, 49, '50.00', NULL, 1, 1, 2, b'0', NULL, 1, 1, NULL, 'تم الحاق الدرجة مؤخرت'),
(150, 50, 58, '88.00', NULL, 1, 1, 2, b'0', NULL, 1, 1, NULL, ''),
(151, 51, 58, '88.00', NULL, 1, 1, 2, b'0', NULL, 1, 1, NULL, ''),
(152, 52, 58, '77.00', NULL, 1, 1, 2, b'0', NULL, 1, 1, NULL, ''),
(153, 53, 58, '77.00', NULL, 1, 1, 2, b'0', NULL, 1, 1, NULL, ''),
(154, 54, 58, '100.00', NULL, 1, 1, 2, b'0', NULL, 1, 1, NULL, ''),
(155, 55, 58, '150.00', NULL, 1, 1, 2, b'0', NULL, 1, 1, NULL, ''),
(156, 56, 58, '77.00', NULL, 1, 1, 2, b'0', NULL, 1, 1, NULL, ''),
(157, 57, 58, '100.00', NULL, 1, 1, 2, b'0', NULL, 1, 1, NULL, 'تم الحاق الدرجة مؤخرت'),
(158, 56, 43, '33.00', NULL, 1, 1, 2, b'1', NULL, 1, 1, NULL, 'تم الحاق الدرجة مؤخرت'),
(159, 58, 58, '100.00', NULL, 1, 1, 2, b'0', NULL, 1, 1, NULL, 'تم الحاق الدرجة مؤخرت'),
(160, 50, 59, '88.00', NULL, 1, 1, 1, b'0', NULL, 1, 1, NULL, ''),
(161, 51, 59, '88.00', NULL, 1, 1, 1, b'0', NULL, 1, 1, NULL, ''),
(162, 52, 59, '88.00', NULL, 1, 1, 1, b'0', NULL, 1, 1, NULL, ''),
(163, 53, 59, '88.00', NULL, 1, 1, 1, b'0', NULL, 1, 1, NULL, ''),
(164, 54, 59, '88.00', NULL, 1, 1, 1, b'0', NULL, 1, 1, NULL, ''),
(165, 55, 59, '88.00', NULL, 1, 1, 1, b'0', NULL, 1, 1, NULL, ''),
(166, 56, 59, '88.00', NULL, 1, 1, 1, b'0', NULL, 1, 1, NULL, ''),
(167, 57, 59, '88.00', NULL, 1, 1, 1, b'0', NULL, 1, 1, NULL, ''),
(168, 58, 59, '88.00', NULL, 1, 1, 1, b'0', NULL, 1, 1, NULL, ''),
(180, 56, 37, '100.00', NULL, 1, 1, 1, b'0', NULL, 1, 1, NULL, 'تم الحاق الدرجة مؤخرت'),
(181, 57, 37, '100.00', NULL, 1, 1, 1, b'0', NULL, 1, 1, NULL, 'تم الحاق الدرجة مؤخرت'),
(182, 58, 37, '100.00', NULL, 1, 1, 1, b'0', NULL, 1, 1, NULL, 'تم الحاق الدرجة مؤخرت'),
(183, 50, 60, '100.00', NULL, 1, 1, 1, b'0', NULL, 1, 1, NULL, ''),
(184, 51, 60, '101.00', NULL, 1, 1, 1, b'0', NULL, 1, 1, NULL, ''),
(185, 52, 60, '150.00', NULL, 1, 1, 1, b'0', NULL, 1, 1, NULL, ''),
(186, 53, 60, '11.00', NULL, 1, 1, 1, b'1', NULL, 1, 1, NULL, ''),
(187, 55, 60, '150.00', NULL, 1, 1, 1, b'0', NULL, 1, 1, NULL, ''),
(188, 56, 60, '100.00', NULL, 1, 1, 1, b'0', NULL, 1, 1, NULL, ''),
(189, 57, 60, '100.00', NULL, 1, 1, 1, b'0', NULL, 1, 1, NULL, ''),
(190, 58, 60, '100.00', NULL, 1, 1, 1, b'0', NULL, 1, 1, NULL, ''),
(191, 54, 60, '99.00', NULL, 1, 1, 1, b'1', NULL, 1, 1, NULL, 'تم الحاق الدرجة مؤخرت'),
(192, 55, 61, '88.00', NULL, 1, 1, 1, b'0', NULL, 1, 1, NULL, ''),
(193, 56, 61, '77.00', NULL, 1, 1, 1, b'0', NULL, 1, 1, NULL, ''),
(195, 51, 65, '100.00', NULL, 1, 1, 1, b'0', NULL, 1, 1, NULL, ''),
(196, 52, 65, '100.00', NULL, 1, 1, 1, b'0', NULL, 1, 1, NULL, ''),
(197, 53, 65, '100.00', NULL, 1, 1, 1, b'0', NULL, 1, 1, NULL, ''),
(198, 54, 65, '100.00', NULL, 1, 1, 1, b'0', NULL, 1, 1, NULL, ''),
(199, 55, 65, '100.00', NULL, 1, 1, 1, b'0', NULL, 1, 1, NULL, ''),
(200, 56, 65, '100.00', NULL, 1, 1, 1, b'0', NULL, 1, 1, NULL, ''),
(201, 57, 65, '100.00', NULL, 1, 1, 1, b'0', NULL, 1, 1, NULL, ''),
(202, 58, 65, '100.00', NULL, 1, 1, 1, b'0', NULL, 1, 1, NULL, ''),
(204, 51, 67, '100.00', NULL, 1, 1, 1, b'0', NULL, 1, 1, NULL, ''),
(205, 52, 67, '100.00', NULL, 1, 1, 1, b'0', NULL, 1, 1, NULL, ''),
(206, 53, 67, '100.00', NULL, 1, 1, 1, b'0', NULL, 1, 1, NULL, ''),
(207, 54, 67, '60.00', NULL, 1, 1, 1, b'0', NULL, 1, 1, NULL, ''),
(208, 55, 67, '100.00', NULL, 1, 1, 1, b'0', NULL, 1, 1, NULL, ''),
(209, 56, 67, '66.00', NULL, 1, 1, 1, b'0', NULL, 1, 1, NULL, ''),
(210, 57, 67, '100.00', NULL, 1, 1, 1, b'0', NULL, 1, 1, NULL, ''),
(211, 58, 67, '100.00', NULL, 1, 1, 1, b'0', NULL, 1, 1, NULL, ''),
(212, 50, 68, '100.00', NULL, 1, 1, 1, b'0', NULL, 1, 1, NULL, ''),
(213, 51, 68, '22.00', NULL, 1, 1, 1, b'1', NULL, 1, 1, NULL, ''),
(214, 52, 68, '22.00', NULL, 1, 1, 1, b'1', NULL, 1, 1, NULL, ''),
(215, 53, 68, '22.00', NULL, 1, 1, 1, b'1', NULL, 1, 1, NULL, ''),
(216, 54, 68, '22.00', NULL, 1, 1, 1, b'1', NULL, 1, 1, NULL, ''),
(217, 55, 68, '100.00', NULL, 1, 1, 1, b'0', NULL, 1, 1, NULL, ''),
(218, 56, 68, '100.00', NULL, 1, 1, 1, b'0', NULL, 1, 1, NULL, ''),
(219, 57, 68, '100.00', NULL, 1, 1, 1, b'0', NULL, 1, 1, NULL, ''),
(220, 58, 68, '66.00', NULL, 1, 1, 1, b'0', NULL, 1, 1, NULL, ''),
(222, 51, 69, '33.00', NULL, 1, 1, 1, b'1', NULL, 1, 1, NULL, ''),
(223, 52, 69, '33.00', NULL, 1, 1, 1, b'1', NULL, 1, 1, NULL, ''),
(224, 53, 69, '88.00', NULL, 1, 1, 1, b'0', NULL, 1, 1, NULL, ''),
(225, 54, 69, '88.00', NULL, 1, 1, 1, b'0', NULL, 1, 1, NULL, ''),
(226, 55, 69, '100.00', NULL, 1, 1, 1, b'0', NULL, 1, 1, NULL, ''),
(227, 56, 69, '77.00', NULL, 1, 1, 1, b'0', NULL, 1, 1, NULL, ''),
(228, 57, 69, '77.80', NULL, 1, 1, 1, b'0', NULL, 1, 1, NULL, ''),
(229, 58, 69, '77.00', NULL, 1, 1, 1, b'0', NULL, 1, 1, NULL, ''),
(230, 50, 70, '77.00', NULL, 1, 1, 2, b'0', NULL, 1, 1, NULL, ''),
(231, 51, 70, '77.00', NULL, 1, 1, 2, b'0', NULL, 1, 1, NULL, ''),
(232, 52, 70, '77.00', NULL, 1, 1, 2, b'0', NULL, 1, 1, NULL, ''),
(233, 53, 70, '77.00', NULL, 1, 1, 2, b'0', NULL, 1, 1, NULL, ''),
(234, 54, 70, '77.00', NULL, 1, 1, 2, b'0', NULL, 1, 1, NULL, ''),
(235, 55, 70, '100.00', NULL, 1, 1, 2, b'0', NULL, 1, 1, NULL, ''),
(236, 56, 70, '100.00', NULL, 1, 1, 2, b'0', NULL, 1, 1, NULL, ''),
(237, 57, 70, '77.00', NULL, 1, 1, 2, b'0', NULL, 1, 1, NULL, ''),
(238, 58, 70, '99.00', NULL, 1, 1, 2, b'0', NULL, 1, 1, NULL, ''),
(239, 50, 71, '55.00', NULL, 1, 1, 2, b'0', NULL, 1, 1, NULL, ''),
(240, 51, 71, '55.00', NULL, 1, 1, 2, b'0', NULL, 1, 1, NULL, ''),
(241, 52, 71, '55.00', NULL, 1, 1, 2, b'0', NULL, 1, 1, NULL, ''),
(242, 53, 71, '55.00', NULL, 1, 1, 2, b'0', NULL, 1, 1, NULL, ''),
(243, 54, 71, '55.00', NULL, 1, 1, 2, b'0', NULL, 1, 1, NULL, ''),
(244, 55, 71, '55.00', NULL, 1, 1, 2, b'0', NULL, 1, 1, NULL, ''),
(245, 56, 71, '55.00', NULL, 1, 1, 2, b'0', NULL, 1, 1, NULL, ''),
(246, 57, 71, '55.00', NULL, 1, 1, 2, b'0', NULL, 1, 1, NULL, ''),
(247, 58, 71, '55.00', NULL, 1, 1, 2, b'0', NULL, 1, 1, NULL, ''),
(248, 50, 72, '88.00', NULL, 1, 1, 2, b'0', NULL, 1, 1, NULL, ''),
(249, 51, 72, '88.00', NULL, 1, 1, 2, b'0', NULL, 1, 1, NULL, ''),
(250, 52, 72, '88.00', NULL, 1, 1, 2, b'0', NULL, 1, 1, NULL, ''),
(251, 53, 72, '88.00', NULL, 1, 1, 2, b'0', NULL, 1, 1, NULL, ''),
(252, 54, 72, '88.00', NULL, 1, 1, 2, b'0', NULL, 1, 1, NULL, ''),
(253, 55, 72, '88.00', NULL, 1, 1, 2, b'0', NULL, 1, 1, NULL, ''),
(254, 56, 72, '88.00', NULL, 1, 1, 2, b'0', NULL, 1, 1, NULL, ''),
(255, 57, 72, '88.00', NULL, 1, 1, 2, b'0', NULL, 1, 1, NULL, ''),
(256, 58, 72, '88.00', NULL, 1, 1, 2, b'0', NULL, 1, 1, NULL, ''),
(257, 50, 73, '88.00', NULL, 1, 1, 2, b'0', NULL, 1, 1, NULL, ''),
(258, 51, 73, '88.00', NULL, 1, 1, 2, b'0', NULL, 1, 1, NULL, ''),
(259, 52, 73, '88.00', NULL, 1, 1, 2, b'0', NULL, 1, 1, NULL, ''),
(260, 53, 73, '88.00', NULL, 1, 1, 2, b'0', NULL, 1, 1, NULL, ''),
(261, 54, 73, '88.00', NULL, 1, 1, 2, b'0', NULL, 1, 1, NULL, ''),
(262, 55, 73, '88.00', NULL, 1, 1, 2, b'0', NULL, 1, 1, NULL, ''),
(263, 56, 73, '77.00', NULL, 1, 1, 2, b'0', NULL, 1, 1, NULL, ''),
(264, 57, 73, '77.00', NULL, 1, 1, 2, b'0', NULL, 1, 1, NULL, ''),
(265, 58, 73, '77.00', NULL, 1, 1, 2, b'0', NULL, 1, 1, NULL, ''),
(266, 50, 69, '33.00', NULL, 1, 1, 1, b'1', NULL, 1, 1, NULL, 'تم الحاق الدرجة مؤخرت'),
(267, 57, 43, '77.00', NULL, 1, 1, 2, b'0', NULL, 1, 1, NULL, 'تم الحاق الدرجة مؤخرت'),
(268, 58, 43, '77.00', NULL, 1, 1, 2, b'0', NULL, 1, 1, NULL, 'تم الحاق الدرجة مؤخرت'),
(269, 56, 46, '77.00', NULL, 1, 1, 2, b'0', NULL, 1, 1, NULL, 'تم الحاق الدرجة مؤخرت'),
(270, 57, 46, '88.00', NULL, 1, 1, 2, b'0', NULL, 1, 1, NULL, 'تم الحاق الدرجة مؤخرت'),
(271, 58, 46, '99.00', NULL, 1, 1, 2, b'0', NULL, 1, 1, NULL, 'تم الحاق الدرجة مؤخرت'),
(272, 56, 48, '77.00', NULL, 1, 1, 2, b'0', NULL, 1, 1, NULL, 'تم الحاق الدرجة مؤخرت'),
(273, 57, 48, '77.00', NULL, 1, 1, 2, b'0', NULL, 1, 1, NULL, 'تم الحاق الدرجة مؤخرت'),
(274, 58, 48, '77.00', NULL, 1, 1, 2, b'0', NULL, 1, 1, NULL, 'تم الحاق الدرجة مؤخرت'),
(275, 50, 49, '88.00', NULL, 1, 1, 2, b'0', NULL, 1, 1, NULL, 'تم الحاق الدرجة مؤخرت'),
(276, 58, 49, '88.00', NULL, 1, 1, 2, b'0', NULL, 1, 1, NULL, 'تم الحاق الدرجة مؤخرت'),
(277, 56, 50, '77.00', NULL, 1, 1, 2, b'0', NULL, 1, 1, NULL, 'تم الحاق الدرجة مؤخرت'),
(278, 57, 50, '98.00', NULL, 1, 1, 2, b'0', NULL, 1, 1, NULL, 'تم الحاق الدرجة مؤخرت'),
(279, 58, 50, '87.00', NULL, 1, 1, 2, b'0', NULL, 1, 1, NULL, 'تم الحاق الدرجة مؤخرت'),
(378, 51, 96, '131.00', NULL, 1, 2, 3, b'0', NULL, 1, 1, NULL, ''),
(379, 52, 96, '122.00', NULL, 1, 2, 3, b'0', NULL, 1, 1, NULL, ''),
(380, 53, 96, '111.00', NULL, 1, 2, 3, b'0', NULL, 1, 1, NULL, ''),
(381, 54, 96, '111.00', NULL, 1, 2, 3, b'0', NULL, 1, 1, NULL, ''),
(382, 55, 96, '111.00', NULL, 1, 2, 3, b'0', NULL, 1, 1, NULL, ''),
(383, 56, 96, '121.00', NULL, 1, 2, 3, b'0', NULL, 1, 1, NULL, ''),
(384, 57, 96, '121.00', NULL, 1, 2, 3, b'0', NULL, 1, 1, NULL, ''),
(385, 58, 96, '133.00', NULL, 1, 2, 3, b'0', NULL, 1, 1, NULL, ''),
(386, 50, 97, '120.00', NULL, 1, 2, 3, b'0', NULL, 1, 1, NULL, ''),
(387, 51, 97, '111.00', NULL, 1, 2, 3, b'0', NULL, 1, 1, NULL, ''),
(388, 52, 97, '122.00', NULL, 1, 2, 3, b'0', NULL, 1, 1, NULL, ''),
(389, 53, 97, '112.00', NULL, 1, 2, 3, b'0', NULL, 1, 1, NULL, ''),
(390, 54, 97, '122.00', NULL, 1, 2, 3, b'0', NULL, 1, 1, NULL, ''),
(391, 55, 97, '133.00', NULL, 1, 2, 3, b'0', NULL, 1, 1, NULL, ''),
(392, 56, 97, '133.00', NULL, 1, 2, 3, b'0', NULL, 1, 1, NULL, ''),
(393, 57, 97, '121.00', NULL, 1, 2, 3, b'0', NULL, 1, 1, NULL, ''),
(394, 58, 97, '110.00', NULL, 1, 2, 3, b'0', NULL, 1, 1, NULL, ''),
(395, 50, 98, '121.00', NULL, 1, 2, 3, b'0', NULL, 1, 1, NULL, ''),
(396, 51, 98, '122.00', NULL, 1, 2, 3, b'0', NULL, 1, 1, NULL, ''),
(397, 52, 98, '111.00', NULL, 1, 2, 3, b'0', NULL, 1, 1, NULL, ''),
(398, 53, 98, '111.00', NULL, 1, 2, 3, b'0', NULL, 1, 1, NULL, ''),
(399, 54, 98, '121.00', NULL, 1, 2, 3, b'0', NULL, 1, 1, NULL, ''),
(400, 55, 98, '121.00', NULL, 1, 2, 3, b'0', NULL, 1, 1, NULL, ''),
(401, 56, 98, '144.00', NULL, 1, 2, 3, b'0', NULL, 1, 1, NULL, ''),
(402, 57, 98, '133.00', NULL, 1, 2, 3, b'0', NULL, 1, 1, NULL, ''),
(403, 58, 98, '120.00', NULL, 1, 2, 3, b'0', NULL, 1, 1, NULL, ''),
(404, 50, 99, '88.00', NULL, 1, 2, 3, b'0', NULL, 1, 1, NULL, ''),
(405, 51, 99, '88.00', NULL, 1, 2, 3, b'0', NULL, 1, 1, NULL, ''),
(406, 52, 99, '88.00', NULL, 1, 2, 3, b'0', NULL, 1, 1, NULL, ''),
(407, 53, 99, '88.00', NULL, 1, 2, 3, b'0', NULL, 1, 1, NULL, ''),
(408, 54, 99, '88.00', NULL, 1, 2, 3, b'0', NULL, 1, 1, NULL, ''),
(409, 55, 99, '98.00', NULL, 1, 2, 3, b'0', NULL, 1, 1, NULL, ''),
(410, 56, 99, '98.00', NULL, 1, 2, 3, b'0', NULL, 1, 1, NULL, ''),
(411, 57, 99, '88.00', NULL, 1, 2, 3, b'0', NULL, 1, 1, NULL, ''),
(412, 58, 99, '88.00', NULL, 1, 2, 3, b'0', NULL, 1, 1, NULL, ''),
(413, 50, 100, '78.00', NULL, 1, 2, 3, b'0', NULL, 1, 1, NULL, ''),
(414, 51, 100, '88.00', NULL, 1, 2, 3, b'0', NULL, 1, 1, NULL, ''),
(415, 52, 100, '77.00', NULL, 1, 2, 3, b'0', NULL, 1, 1, NULL, ''),
(416, 53, 100, '87.00', NULL, 1, 2, 3, b'0', NULL, 1, 1, NULL, ''),
(417, 54, 100, '87.00', NULL, 1, 2, 3, b'0', NULL, 1, 1, NULL, ''),
(418, 55, 100, '77.00', NULL, 1, 2, 3, b'0', NULL, 1, 1, NULL, ''),
(419, 56, 100, '88.00', NULL, 1, 2, 3, b'0', NULL, 1, 1, NULL, ''),
(420, 57, 100, '88.00', NULL, 1, 2, 3, b'0', NULL, 1, 1, NULL, ''),
(421, 58, 100, '77.00', NULL, 1, 2, 3, b'0', NULL, 1, 1, NULL, ''),
(422, 50, 101, '121.00', NULL, 1, 2, 3, b'0', NULL, 1, 1, NULL, ''),
(423, 51, 101, '121.00', NULL, 1, 2, 3, b'0', NULL, 1, 1, NULL, ''),
(424, 52, 101, '121.00', NULL, 1, 2, 3, b'0', NULL, 1, 1, NULL, ''),
(425, 53, 101, '121.00', NULL, 1, 2, 3, b'0', NULL, 1, 1, NULL, ''),
(426, 54, 101, '121.00', NULL, 1, 2, 3, b'0', NULL, 1, 1, NULL, ''),
(427, 55, 101, '121.00', NULL, 1, 2, 3, b'0', NULL, 1, 1, NULL, ''),
(428, 56, 101, '121.00', NULL, 1, 2, 3, b'0', NULL, 1, 1, NULL, ''),
(429, 57, 101, '121.00', NULL, 1, 2, 3, b'0', NULL, 1, 1, NULL, ''),
(430, 58, 101, '121.00', NULL, 1, 2, 3, b'0', NULL, 1, 1, NULL, ''),
(431, 50, 102, '121.00', NULL, 1, 2, 3, b'0', NULL, 1, 1, NULL, ''),
(432, 51, 102, '111.00', NULL, 1, 2, 3, b'0', NULL, 1, 1, NULL, ''),
(433, 52, 102, '111.00', NULL, 1, 2, 3, b'0', NULL, 1, 1, NULL, ''),
(434, 53, 102, '121.00', NULL, 1, 2, 3, b'0', NULL, 1, 1, NULL, ''),
(435, 54, 102, '121.00', NULL, 1, 2, 3, b'0', NULL, 1, 1, NULL, ''),
(436, 55, 102, '150.00', NULL, 1, 2, 3, b'0', NULL, 1, 1, NULL, ''),
(437, 56, 102, '141.00', NULL, 1, 2, 3, b'0', NULL, 1, 1, NULL, ''),
(438, 57, 102, '121.00', NULL, 1, 2, 3, b'0', NULL, 1, 1, NULL, ''),
(439, 58, 102, '121.00', NULL, 1, 2, 3, b'0', NULL, 1, 1, NULL, ''),
(440, 50, 103, '133.00', NULL, 1, 2, 3, b'0', NULL, 1, 1, NULL, ''),
(441, 51, 103, '121.00', NULL, 1, 2, 3, b'0', NULL, 1, 1, NULL, ''),
(442, 52, 103, '121.00', NULL, 1, 2, 3, b'0', NULL, 1, 1, NULL, ''),
(443, 53, 103, '121.00', NULL, 1, 2, 3, b'0', NULL, 1, 1, NULL, ''),
(444, 54, 103, '121.00', NULL, 1, 2, 3, b'0', NULL, 1, 1, NULL, ''),
(445, 55, 103, '121.00', NULL, 1, 2, 3, b'0', NULL, 1, 1, NULL, ''),
(446, 56, 103, '121.00', NULL, 1, 2, 3, b'0', NULL, 1, 1, NULL, ''),
(447, 57, 103, '121.00', NULL, 1, 2, 3, b'0', NULL, 1, 1, NULL, ''),
(448, 58, 103, '121.00', NULL, 1, 2, 3, b'0', NULL, 1, 1, NULL, ''),
(449, 50, 104, '44.00', NULL, 1, 2, 3, b'0', NULL, 1, 1, NULL, ''),
(450, 51, 104, '44.00', NULL, 1, 2, 3, b'0', NULL, 1, 1, NULL, ''),
(451, 52, 104, '44.00', NULL, 1, 2, 3, b'0', NULL, 1, 1, NULL, ''),
(452, 53, 104, '44.00', NULL, 1, 2, 3, b'0', NULL, 1, 1, NULL, ''),
(453, 54, 104, '44.00', NULL, 1, 2, 3, b'0', NULL, 1, 1, NULL, ''),
(454, 55, 104, '44.00', NULL, 1, 2, 3, b'0', NULL, 1, 1, NULL, ''),
(455, 56, 104, '44.00', NULL, 1, 2, 3, b'0', NULL, 1, 1, NULL, ''),
(456, 57, 104, '44.00', NULL, 1, 2, 3, b'0', NULL, 1, 1, NULL, ''),
(457, 58, 104, '44.00', NULL, 1, 2, 3, b'0', NULL, 1, 1, NULL, ''),
(458, 50, 105, '44.00', NULL, 1, 2, 3, b'0', NULL, 1, 1, NULL, ''),
(459, 51, 105, '44.00', NULL, 1, 2, 3, b'0', NULL, 1, 1, NULL, ''),
(460, 52, 105, '44.00', NULL, 1, 2, 3, b'0', NULL, 1, 1, NULL, ''),
(461, 53, 105, '44.00', NULL, 1, 2, 3, b'0', NULL, 1, 1, NULL, ''),
(462, 54, 105, '44.00', NULL, 1, 2, 3, b'0', NULL, 1, 1, NULL, ''),
(463, 55, 105, '44.00', NULL, 1, 2, 3, b'0', NULL, 1, 1, NULL, ''),
(464, 56, 105, '44.00', NULL, 1, 2, 3, b'0', NULL, 1, 1, NULL, ''),
(465, 57, 105, '44.00', NULL, 1, 2, 3, b'0', NULL, 1, 1, NULL, ''),
(466, 58, 105, '44.00', NULL, 1, 2, 3, b'0', NULL, 1, 1, NULL, ''),
(467, 50, 106, '44.00', NULL, 1, 2, 3, b'0', NULL, 1, 1, NULL, ''),
(468, 51, 106, '44.00', NULL, 1, 2, 3, b'0', NULL, 1, 1, NULL, ''),
(469, 52, 106, '44.00', NULL, 1, 2, 3, b'0', NULL, 1, 1, NULL, ''),
(470, 53, 106, '44.00', NULL, 1, 2, 3, b'0', NULL, 1, 1, NULL, ''),
(471, 54, 106, '44.00', NULL, 1, 2, 3, b'0', NULL, 1, 1, NULL, ''),
(472, 55, 106, '44.00', NULL, 1, 2, 3, b'0', NULL, 1, 1, NULL, ''),
(473, 56, 106, '44.00', NULL, 1, 2, 3, b'0', NULL, 1, 1, NULL, ''),
(474, 57, 106, '44.00', NULL, 1, 2, 3, b'0', NULL, 1, 1, NULL, ''),
(475, 58, 106, '44.00', NULL, 1, 2, 3, b'0', NULL, 1, 1, NULL, ''),
(476, 50, 107, '50.00', NULL, 1, 2, 3, b'0', NULL, 1, 1, NULL, ''),
(477, 51, 107, '44.00', NULL, 1, 2, 3, b'0', NULL, 1, 1, NULL, ''),
(478, 52, 107, '44.00', NULL, 1, 2, 3, b'0', NULL, 1, 1, NULL, ''),
(479, 53, 107, '44.00', NULL, 1, 2, 3, b'0', NULL, 1, 1, NULL, ''),
(480, 54, 107, '44.00', NULL, 1, 2, 3, b'0', NULL, 1, 1, NULL, ''),
(481, 55, 107, '33.00', NULL, 1, 2, 3, b'0', NULL, 1, 1, NULL, ''),
(482, 56, 107, '44.00', NULL, 1, 2, 3, b'0', NULL, 1, 1, NULL, ''),
(483, 57, 107, '44.00', NULL, 1, 2, 3, b'0', NULL, 1, 1, NULL, ''),
(484, 58, 107, '44.00', NULL, 1, 2, 3, b'0', NULL, 1, 1, NULL, ''),
(485, 50, 108, '111.00', NULL, 1, 2, 4, b'0', NULL, 1, 1, NULL, ''),
(486, 51, 108, '66.00', NULL, 1, 2, 4, b'1', NULL, 1, 1, NULL, ''),
(487, 52, 108, '77.00', NULL, 1, 2, 4, b'0', NULL, 1, 1, NULL, ''),
(488, 53, 108, '77.00', NULL, 1, 2, 4, b'0', NULL, 1, 1, NULL, ''),
(489, 54, 108, '77.00', NULL, 1, 2, 4, b'0', NULL, 1, 1, NULL, ''),
(490, 55, 108, '120.00', NULL, 1, 2, 4, b'0', NULL, 1, 1, NULL, ''),
(491, 56, 108, '111.00', NULL, 1, 2, 4, b'0', NULL, 1, 1, NULL, ''),
(492, 57, 108, '76.00', NULL, 1, 2, 4, b'0', NULL, 1, 1, NULL, ''),
(493, 58, 108, '77.00', NULL, 1, 2, 4, b'0', NULL, 1, 1, NULL, ''),
(494, 50, 109, '44.00', NULL, 1, 2, 4, b'1', NULL, 1, 1, NULL, ''),
(495, 51, 109, '42.00', NULL, 1, 2, 4, b'1', NULL, 1, 1, NULL, ''),
(496, 52, 109, '67.00', NULL, 1, 2, 4, b'1', NULL, 1, 1, NULL, ''),
(497, 53, 109, '121.00', NULL, 1, 2, 4, b'0', NULL, 1, 1, NULL, ''),
(498, 54, 109, '121.00', NULL, 1, 2, 4, b'0', NULL, 1, 1, NULL, ''),
(499, 55, 109, '144.00', NULL, 1, 2, 4, b'0', NULL, 1, 1, NULL, ''),
(500, 56, 109, '144.00', NULL, 1, 2, 4, b'0', NULL, 1, 1, NULL, ''),
(501, 57, 109, '131.00', NULL, 1, 2, 4, b'0', NULL, 1, 1, NULL, ''),
(502, 58, 109, '122.00', NULL, 1, 2, 4, b'0', NULL, 1, 1, NULL, ''),
(503, 50, 110, '111.00', NULL, 1, 2, 4, b'0', NULL, 1, 1, NULL, ''),
(504, 51, 110, '89.00', NULL, 1, 2, 4, b'0', NULL, 1, 1, NULL, ''),
(505, 52, 110, '23.00', NULL, 1, 2, 4, b'1', NULL, 1, 1, NULL, ''),
(506, 53, 110, '111.00', NULL, 1, 2, 4, b'0', NULL, 1, 1, NULL, ''),
(507, 54, 110, '111.00', NULL, 1, 2, 4, b'0', NULL, 1, 1, NULL, ''),
(508, 55, 110, '130.00', NULL, 1, 2, 4, b'0', NULL, 1, 1, NULL, ''),
(509, 56, 110, '122.00', NULL, 1, 2, 4, b'0', NULL, 1, 1, NULL, ''),
(510, 57, 110, '32.00', NULL, 1, 2, 4, b'1', NULL, 1, 1, NULL, ''),
(511, 58, 110, '32.00', NULL, 1, 2, 4, b'1', NULL, 1, 1, NULL, ''),
(512, 50, 111, '120.00', NULL, 1, 2, 4, b'0', NULL, 1, 1, NULL, ''),
(513, 51, 111, '121.00', NULL, 1, 2, 4, b'0', NULL, 1, 1, NULL, ''),
(514, 52, 111, '121.00', NULL, 1, 2, 4, b'0', NULL, 1, 1, NULL, ''),
(515, 53, 111, '121.00', NULL, 1, 2, 4, b'0', NULL, 1, 1, NULL, ''),
(516, 54, 111, '121.00', NULL, 1, 2, 4, b'0', NULL, 1, 1, NULL, ''),
(517, 55, 111, '121.00', NULL, 1, 2, 4, b'0', NULL, 1, 1, NULL, ''),
(518, 56, 111, '111.00', NULL, 1, 2, 4, b'0', NULL, 1, 1, NULL, ''),
(519, 57, 111, '122.00', NULL, 1, 2, 4, b'0', NULL, 1, 1, NULL, ''),
(520, 58, 111, '131.00', NULL, 1, 2, 4, b'0', NULL, 1, 1, NULL, ''),
(521, 50, 112, '121.00', NULL, 1, 2, 4, b'0', NULL, 1, 1, NULL, ''),
(522, 51, 112, '22.00', NULL, 1, 2, 4, b'1', NULL, 1, 1, NULL, ''),
(523, 52, 112, '121.00', NULL, 1, 2, 4, b'0', NULL, 1, 1, NULL, ''),
(524, 53, 112, '111.00', NULL, 1, 2, 4, b'0', NULL, 1, 1, NULL, ''),
(525, 54, 112, '122.00', NULL, 1, 2, 4, b'0', NULL, 1, 1, NULL, ''),
(526, 55, 112, '140.00', NULL, 1, 2, 4, b'0', NULL, 1, 1, NULL, ''),
(527, 56, 112, '111.00', NULL, 1, 2, 4, b'0', NULL, 1, 1, NULL, ''),
(528, 57, 112, '100.00', NULL, 1, 2, 4, b'0', NULL, 1, 1, NULL, ''),
(529, 58, 112, '100.00', NULL, 1, 2, 4, b'0', NULL, 1, 1, NULL, ''),
(530, 50, 113, '120.00', NULL, 1, 2, 4, b'0', NULL, 1, 1, NULL, ''),
(531, 51, 113, '120.00', NULL, 1, 2, 4, b'0', NULL, 1, 1, NULL, ''),
(532, 52, 113, '121.00', NULL, 1, 2, 4, b'0', NULL, 1, 1, NULL, ''),
(533, 53, 113, '121.00', NULL, 1, 2, 4, b'0', NULL, 1, 1, NULL, ''),
(534, 54, 113, '121.00', NULL, 1, 2, 4, b'0', NULL, 1, 1, NULL, ''),
(535, 55, 113, '133.00', NULL, 1, 2, 4, b'0', NULL, 1, 1, NULL, ''),
(536, 56, 113, '131.00', NULL, 1, 2, 4, b'0', NULL, 1, 1, NULL, ''),
(537, 57, 113, '111.00', NULL, 1, 2, 4, b'0', NULL, 1, 1, NULL, ''),
(538, 58, 113, '111.00', NULL, 1, 2, 4, b'0', NULL, 1, 1, NULL, ''),
(539, 50, 114, '44.00', NULL, 1, 2, 4, b'0', NULL, 1, 1, NULL, ''),
(540, 51, 114, '44.00', NULL, 1, 2, 4, b'0', NULL, 1, 1, NULL, ''),
(541, 52, 114, '44.00', NULL, 1, 2, 4, b'0', NULL, 1, 1, NULL, ''),
(542, 53, 114, '44.00', NULL, 1, 2, 4, b'0', NULL, 1, 1, NULL, ''),
(543, 54, 114, '44.00', NULL, 1, 2, 4, b'0', NULL, 1, 1, NULL, ''),
(544, 55, 114, '44.00', NULL, 1, 2, 4, b'0', NULL, 1, 1, NULL, ''),
(545, 56, 114, '44.00', NULL, 1, 2, 4, b'0', NULL, 1, 1, NULL, ''),
(546, 57, 114, '44.00', NULL, 1, 2, 4, b'0', NULL, 1, 1, NULL, ''),
(547, 58, 114, '44.00', NULL, 1, 2, 4, b'0', NULL, 1, 1, NULL, ''),
(548, 50, 115, '44.00', NULL, 1, 2, 4, b'0', NULL, 1, 1, NULL, ''),
(549, 51, 115, '44.00', NULL, 1, 2, 4, b'0', NULL, 1, 1, NULL, ''),
(550, 52, 115, '44.00', NULL, 1, 2, 4, b'0', NULL, 1, 1, NULL, ''),
(551, 53, 115, '44.00', NULL, 1, 2, 4, b'0', NULL, 1, 1, NULL, ''),
(552, 54, 115, '44.00', NULL, 1, 2, 4, b'0', NULL, 1, 1, NULL, ''),
(553, 55, 115, '44.00', NULL, 1, 2, 4, b'0', NULL, 1, 1, NULL, ''),
(554, 56, 115, '44.00', NULL, 1, 2, 4, b'0', NULL, 1, 1, NULL, ''),
(555, 57, 115, '44.00', NULL, 1, 2, 4, b'0', NULL, 1, 1, NULL, ''),
(556, 58, 115, '44.00', NULL, 1, 2, 4, b'0', NULL, 1, 1, NULL, ''),
(557, 50, 116, '44.00', NULL, 1, 2, 4, b'0', NULL, 1, 1, NULL, ''),
(558, 51, 116, '44.00', NULL, 1, 2, 4, b'0', NULL, 1, 1, NULL, ''),
(559, 52, 116, '44.00', NULL, 1, 2, 4, b'0', NULL, 1, 1, NULL, ''),
(560, 53, 116, '44.00', NULL, 1, 2, 4, b'0', NULL, 1, 1, NULL, ''),
(561, 54, 116, '44.00', NULL, 1, 2, 4, b'0', NULL, 1, 1, NULL, ''),
(562, 55, 116, '44.00', NULL, 1, 2, 4, b'0', NULL, 1, 1, NULL, ''),
(563, 56, 116, '44.00', NULL, 1, 2, 4, b'0', NULL, 1, 1, NULL, ''),
(564, 57, 116, '44.00', NULL, 1, 2, 4, b'0', NULL, 1, 1, NULL, ''),
(565, 58, 116, '44.00', NULL, 1, 2, 4, b'0', NULL, 1, 1, NULL, ''),
(566, 50, 117, '44.00', NULL, 1, 2, 4, b'0', NULL, 1, 1, NULL, ''),
(567, 51, 117, '44.00', NULL, 1, 2, 4, b'0', NULL, 1, 1, NULL, ''),
(568, 52, 117, '44.00', NULL, 1, 2, 4, b'0', NULL, 1, 1, NULL, ''),
(569, 53, 117, '44.00', NULL, 1, 2, 4, b'0', NULL, 1, 1, NULL, ''),
(570, 54, 117, '44.00', NULL, 1, 2, 4, b'0', NULL, 1, 1, NULL, ''),
(571, 55, 117, '44.00', NULL, 1, 2, 4, b'0', NULL, 1, 1, NULL, ''),
(572, 56, 117, '44.00', NULL, 1, 2, 4, b'0', NULL, 1, 1, NULL, ''),
(573, 57, 117, '44.00', NULL, 1, 2, 4, b'0', NULL, 1, 1, NULL, ''),
(574, 58, 117, '44.00', NULL, 1, 2, 4, b'0', NULL, 1, 1, NULL, ''),
(575, 50, 96, '100.00', NULL, 1, 2, 3, b'0', NULL, 1, 1, NULL, 'تم الحاق الدرجة مؤخرت'),
(576, 56, 52, '88.00', NULL, 1, 1, 2, b'0', NULL, 1, 1, NULL, 'تم الحاق الدرجة مؤخرت'),
(577, 57, 52, '88.00', NULL, 1, 1, 2, b'0', NULL, 1, 1, NULL, 'تم الحاق الدرجة مؤخرت'),
(578, 58, 52, '88.00', NULL, 1, 1, 2, b'0', NULL, 1, 1, NULL, 'تم الحاق الدرجة مؤخرت'),
(579, 59, 118, '98.00', NULL, 18, 1, 1, b'0', NULL, 1, 1, NULL, ''),
(580, 60, 118, '66.00', NULL, 18, 1, 1, b'1', NULL, 1, 1, NULL, ''),
(581, 61, 118, '44.00', NULL, 18, 1, 1, b'1', NULL, 1, 1, NULL, ''),
(582, 62, 118, '75.00', NULL, 18, 1, 1, b'0', NULL, 1, 1, NULL, ''),
(583, 63, 118, '88.00', NULL, 18, 1, 1, b'0', NULL, 1, 1, NULL, ''),
(584, 64, 118, '88.00', NULL, 18, 1, 1, b'0', NULL, 1, 1, NULL, ''),
(585, 65, 118, '75.00', NULL, 18, 1, 1, b'0', NULL, 1, 1, NULL, ''),
(586, 66, 118, '75.00', NULL, 18, 1, 1, b'0', NULL, 1, 1, NULL, ''),
(587, 67, 118, '88.00', NULL, 18, 1, 1, b'0', NULL, 1, 1, NULL, ''),
(588, 68, 118, '99.00', NULL, 18, 1, 1, b'0', NULL, 1, 1, NULL, ''),
(589, 59, 119, '86.00', NULL, 18, 1, 1, b'0', NULL, 1, 1, NULL, ''),
(590, 60, 119, '88.00', NULL, 18, 1, 1, b'0', NULL, 1, 1, NULL, ''),
(591, 61, 119, '88.00', NULL, 18, 1, 1, b'0', NULL, 1, 1, NULL, ''),
(592, 62, 119, '88.00', NULL, 18, 1, 1, b'0', NULL, 1, 1, NULL, ''),
(593, 63, 119, '88.00', NULL, 18, 1, 1, b'0', NULL, 1, 1, NULL, ''),
(594, 64, 119, '25.00', NULL, 18, 1, 1, b'1', NULL, 1, 1, NULL, ''),
(595, 65, 119, '55.00', NULL, 18, 1, 1, b'1', NULL, 1, 1, NULL, ''),
(596, 66, 119, '44.00', NULL, 18, 1, 1, b'1', NULL, 1, 1, NULL, ''),
(597, 67, 119, '44.00', NULL, 18, 1, 1, b'1', NULL, 1, 1, NULL, ''),
(598, 68, 119, '77.00', NULL, 18, 1, 1, b'0', NULL, 1, 1, NULL, ''),
(599, 59, 120, '88.00', NULL, 18, 1, 1, b'0', NULL, 1, 1, NULL, ''),
(600, 60, 120, '88.00', NULL, 18, 1, 1, b'0', NULL, 1, 1, NULL, ''),
(601, 61, 120, '88.00', NULL, 18, 1, 1, b'0', NULL, 1, 1, NULL, ''),
(602, 62, 120, '88.00', NULL, 18, 1, 1, b'0', NULL, 1, 1, NULL, ''),
(603, 63, 120, '88.00', NULL, 18, 1, 1, b'0', NULL, 1, 1, NULL, ''),
(604, 64, 120, '88.00', NULL, 18, 1, 1, b'0', NULL, 1, 1, NULL, ''),
(605, 65, 120, '88.00', NULL, 18, 1, 1, b'0', NULL, 1, 1, NULL, ''),
(606, 66, 120, '88.00', NULL, 18, 1, 1, b'0', NULL, 1, 1, NULL, ''),
(607, 67, 120, '88.00', NULL, 18, 1, 1, b'0', NULL, 1, 1, NULL, ''),
(608, 68, 120, '88.00', NULL, 18, 1, 1, b'0', NULL, 1, 1, NULL, ''),
(609, 59, 121, '99.00', NULL, 18, 1, 1, b'0', NULL, 1, 1, NULL, ''),
(610, 60, 121, '99.00', NULL, 18, 1, 1, b'0', NULL, 1, 1, NULL, ''),
(611, 61, 121, '99.00', NULL, 18, 1, 1, b'0', NULL, 1, 1, NULL, ''),
(612, 62, 121, '99.00', NULL, 18, 1, 1, b'0', NULL, 1, 1, NULL, ''),
(613, 63, 121, '99.00', NULL, 18, 1, 1, b'0', NULL, 1, 1, NULL, ''),
(614, 64, 121, '99.00', NULL, 18, 1, 1, b'0', NULL, 1, 1, NULL, ''),
(615, 65, 121, '99.00', NULL, 18, 1, 1, b'0', NULL, 1, 1, NULL, ''),
(616, 66, 121, '99.00', NULL, 18, 1, 1, b'0', NULL, 1, 1, NULL, ''),
(617, 67, 121, '99.00', NULL, 18, 1, 1, b'0', NULL, 1, 1, NULL, ''),
(618, 68, 121, '99.00', NULL, 18, 1, 1, b'0', NULL, 1, 1, NULL, ''),
(619, 59, 122, '99.00', NULL, 18, 1, 1, b'0', NULL, 1, 1, NULL, ''),
(620, 60, 122, '99.00', NULL, 18, 1, 1, b'0', NULL, 1, 1, NULL, ''),
(621, 61, 122, '99.00', NULL, 18, 1, 1, b'0', NULL, 1, 1, NULL, ''),
(622, 62, 122, '99.00', NULL, 18, 1, 1, b'0', NULL, 1, 1, NULL, ''),
(623, 63, 122, '99.00', NULL, 18, 1, 1, b'0', NULL, 1, 1, NULL, ''),
(624, 64, 122, '99.00', NULL, 18, 1, 1, b'0', NULL, 1, 1, NULL, ''),
(625, 65, 122, '99.00', NULL, 18, 1, 1, b'0', NULL, 1, 1, NULL, ''),
(626, 66, 122, '99.00', NULL, 18, 1, 1, b'0', NULL, 1, 1, NULL, ''),
(627, 67, 122, '99.00', NULL, 18, 1, 1, b'0', NULL, 1, 1, NULL, ''),
(628, 68, 122, '99.00', NULL, 18, 1, 1, b'0', NULL, 1, 1, NULL, ''),
(629, 59, 123, '99.00', NULL, 18, 1, 1, b'0', NULL, 1, 1, NULL, ''),
(630, 60, 123, '99.00', NULL, 18, 1, 1, b'0', NULL, 1, 1, NULL, ''),
(631, 61, 123, '99.00', NULL, 18, 1, 1, b'0', NULL, 1, 1, NULL, ''),
(632, 62, 123, '99.00', NULL, 18, 1, 1, b'0', NULL, 1, 1, NULL, ''),
(633, 63, 123, '99.00', NULL, 18, 1, 1, b'0', NULL, 1, 1, NULL, ''),
(634, 64, 123, '99.00', NULL, 18, 1, 1, b'0', NULL, 1, 1, NULL, ''),
(635, 65, 123, '99.00', NULL, 18, 1, 1, b'0', NULL, 1, 1, NULL, ''),
(636, 66, 123, '99.00', NULL, 18, 1, 1, b'0', NULL, 1, 1, NULL, ''),
(637, 67, 123, '99.00', NULL, 18, 1, 1, b'0', NULL, 1, 1, NULL, ''),
(638, 68, 123, '99.00', NULL, 18, 1, 1, b'0', NULL, 1, 1, NULL, ''),
(639, 59, 124, '99.00', NULL, 18, 1, 1, b'0', NULL, 1, 1, NULL, ''),
(640, 60, 124, '99.00', NULL, 18, 1, 1, b'0', NULL, 1, 1, NULL, ''),
(641, 61, 124, '99.00', NULL, 18, 1, 1, b'0', NULL, 1, 1, NULL, ''),
(642, 62, 124, '99.00', NULL, 18, 1, 1, b'0', NULL, 1, 1, NULL, ''),
(643, 63, 124, '99.00', NULL, 18, 1, 1, b'0', NULL, 1, 1, NULL, ''),
(644, 64, 124, '99.00', NULL, 18, 1, 1, b'0', NULL, 1, 1, NULL, ''),
(645, 65, 124, '99.00', NULL, 18, 1, 1, b'0', NULL, 1, 1, NULL, ''),
(646, 66, 124, '99.00', NULL, 18, 1, 1, b'0', NULL, 1, 1, NULL, ''),
(647, 67, 124, '99.00', NULL, 18, 1, 1, b'0', NULL, 1, 1, NULL, ''),
(648, 68, 124, '99.00', NULL, 18, 1, 1, b'0', NULL, 1, 1, NULL, ''),
(649, 59, 125, '99.00', NULL, 18, 1, 1, b'0', NULL, 1, 1, NULL, ''),
(650, 60, 125, '99.00', NULL, 18, 1, 1, b'0', NULL, 1, 1, NULL, ''),
(651, 61, 125, '99.00', NULL, 18, 1, 1, b'0', NULL, 1, 1, NULL, ''),
(652, 62, 125, '99.00', NULL, 18, 1, 1, b'0', NULL, 1, 1, NULL, ''),
(653, 63, 125, '99.00', NULL, 18, 1, 1, b'0', NULL, 1, 1, NULL, ''),
(654, 64, 125, '99.00', NULL, 18, 1, 1, b'0', NULL, 1, 1, NULL, ''),
(655, 65, 125, '99.00', NULL, 18, 1, 1, b'0', NULL, 1, 1, NULL, ''),
(656, 66, 125, '99.00', NULL, 18, 1, 1, b'0', NULL, 1, 1, NULL, ''),
(657, 67, 125, '99.00', NULL, 18, 1, 1, b'0', NULL, 1, 1, NULL, ''),
(658, 68, 125, '99.00', NULL, 18, 1, 1, b'0', NULL, 1, 1, NULL, ''),
(659, 59, 126, '44.00', NULL, 18, 1, 1, b'0', NULL, 1, 1, NULL, ''),
(660, 60, 126, '44.00', NULL, 18, 1, 1, b'0', NULL, 1, 1, NULL, ''),
(661, 61, 126, '44.00', NULL, 18, 1, 1, b'0', NULL, 1, 1, NULL, ''),
(662, 62, 126, '44.00', NULL, 18, 1, 1, b'0', NULL, 1, 1, NULL, ''),
(663, 63, 126, '44.00', NULL, 18, 1, 1, b'0', NULL, 1, 1, NULL, ''),
(664, 64, 126, '44.00', NULL, 18, 1, 1, b'0', NULL, 1, 1, NULL, ''),
(665, 65, 126, '44.00', NULL, 18, 1, 1, b'0', NULL, 1, 1, NULL, ''),
(666, 66, 126, '44.00', NULL, 18, 1, 1, b'0', NULL, 1, 1, NULL, ''),
(667, 67, 126, '44.00', NULL, 18, 1, 1, b'0', NULL, 1, 1, NULL, ''),
(668, 68, 126, '44.00', NULL, 18, 1, 1, b'0', NULL, 1, 1, NULL, ''),
(669, 59, 128, '44.00', NULL, 18, 1, 1, b'0', NULL, 1, 1, NULL, ''),
(670, 60, 128, '44.00', NULL, 18, 1, 1, b'0', NULL, 1, 1, NULL, ''),
(671, 61, 128, '44.00', NULL, 18, 1, 1, b'0', NULL, 1, 1, NULL, ''),
(672, 62, 128, '44.00', NULL, 18, 1, 1, b'0', NULL, 1, 1, NULL, ''),
(673, 63, 128, '44.00', NULL, 18, 1, 1, b'0', NULL, 1, 1, NULL, ''),
(674, 64, 128, '44.00', NULL, 18, 1, 1, b'0', NULL, 1, 1, NULL, ''),
(675, 65, 128, '44.00', NULL, 18, 1, 1, b'0', NULL, 1, 1, NULL, ''),
(676, 66, 128, '44.00', NULL, 18, 1, 1, b'0', NULL, 1, 1, NULL, ''),
(677, 67, 128, '44.00', NULL, 18, 1, 1, b'0', NULL, 1, 1, NULL, ''),
(678, 68, 128, '44.00', NULL, 18, 1, 1, b'0', NULL, 1, 1, NULL, ''),
(679, 59, 129, '99.00', NULL, 18, 1, 2, b'0', NULL, 1, 1, NULL, ''),
(680, 60, 129, '99.00', NULL, 18, 1, 2, b'0', NULL, 1, 1, NULL, ''),
(681, 61, 129, '99.00', NULL, 18, 1, 2, b'0', NULL, 1, 1, NULL, ''),
(682, 62, 129, '100.00', NULL, 18, 1, 2, b'0', NULL, 1, 1, NULL, ''),
(683, 63, 129, '99.00', NULL, 18, 1, 2, b'0', NULL, 1, 1, NULL, ''),
(684, 64, 129, '99.00', NULL, 18, 1, 2, b'0', NULL, 1, 1, NULL, ''),
(685, 65, 129, '99.00', NULL, 18, 1, 2, b'0', NULL, 1, 1, NULL, ''),
(686, 66, 129, '99.00', NULL, 18, 1, 2, b'0', NULL, 1, 1, NULL, ''),
(687, 67, 129, '99.00', NULL, 18, 1, 2, b'0', NULL, 1, 1, NULL, ''),
(688, 68, 129, '99.00', NULL, 18, 1, 2, b'0', NULL, 1, 1, NULL, ''),
(689, 59, 130, '99.00', NULL, 18, 1, 2, b'0', NULL, 1, 1, NULL, ''),
(690, 60, 130, '99.00', NULL, 18, 1, 2, b'0', NULL, 1, 1, NULL, ''),
(691, 61, 130, '99.00', NULL, 18, 1, 2, b'0', NULL, 1, 1, NULL, ''),
(692, 62, 130, '99.00', NULL, 18, 1, 2, b'0', NULL, 1, 1, NULL, ''),
(693, 63, 130, '99.00', NULL, 18, 1, 2, b'0', NULL, 1, 1, NULL, ''),
(694, 64, 130, '99.00', NULL, 18, 1, 2, b'0', NULL, 1, 1, NULL, ''),
(695, 65, 130, '99.00', NULL, 18, 1, 2, b'0', NULL, 1, 1, NULL, ''),
(696, 66, 130, '99.00', NULL, 18, 1, 2, b'0', NULL, 1, 1, NULL, ''),
(697, 67, 130, '99.00', NULL, 18, 1, 2, b'0', NULL, 1, 1, NULL, ''),
(698, 68, 130, '99.00', NULL, 18, 1, 2, b'0', NULL, 1, 1, NULL, ''),
(699, 59, 131, '99.00', NULL, 18, 1, 2, b'0', NULL, 1, 1, NULL, ''),
(700, 60, 131, '90.00', NULL, 18, 1, 2, b'0', NULL, 1, 1, NULL, ''),
(701, 61, 131, '77.00', NULL, 18, 1, 2, b'0', NULL, 1, 1, NULL, ''),
(702, 62, 131, '77.00', NULL, 18, 1, 2, b'0', NULL, 1, 1, NULL, ''),
(703, 63, 131, '77.00', NULL, 18, 1, 2, b'0', NULL, 1, 1, NULL, ''),
(704, 64, 131, '77.00', NULL, 18, 1, 2, b'0', NULL, 1, 1, NULL, ''),
(705, 65, 131, '77.00', NULL, 18, 1, 2, b'0', NULL, 1, 1, NULL, ''),
(706, 66, 131, '77.00', NULL, 18, 1, 2, b'0', NULL, 1, 1, NULL, ''),
(707, 67, 131, '77.00', NULL, 18, 1, 2, b'0', NULL, 1, 1, NULL, ''),
(708, 68, 131, '77.00', NULL, 18, 1, 2, b'0', NULL, 1, 1, NULL, ''),
(709, 59, 132, '77.00', NULL, 18, 1, 2, b'0', NULL, 1, 1, NULL, ''),
(710, 60, 132, '77.00', NULL, 18, 1, 2, b'0', NULL, 1, 1, NULL, ''),
(711, 61, 132, '77.00', NULL, 18, 1, 2, b'0', NULL, 1, 1, NULL, ''),
(712, 62, 132, '77.00', NULL, 18, 1, 2, b'0', NULL, 1, 1, NULL, ''),
(713, 63, 132, '77.00', NULL, 18, 1, 2, b'0', NULL, 1, 1, NULL, ''),
(714, 64, 132, '77.00', NULL, 18, 1, 2, b'0', NULL, 1, 1, NULL, ''),
(715, 65, 132, '77.00', NULL, 18, 1, 2, b'0', NULL, 1, 1, NULL, ''),
(716, 66, 132, '77.00', NULL, 18, 1, 2, b'0', NULL, 1, 1, NULL, ''),
(717, 67, 132, '77.00', NULL, 18, 1, 2, b'0', NULL, 1, 1, NULL, ''),
(718, 68, 132, '77.00', NULL, 18, 1, 2, b'0', NULL, 1, 1, NULL, ''),
(719, 59, 133, '88.00', NULL, 18, 1, 2, b'0', NULL, 1, 1, NULL, ''),
(720, 60, 133, '88.00', NULL, 18, 1, 2, b'0', NULL, 1, 1, NULL, ''),
(721, 61, 133, '88.00', NULL, 18, 1, 2, b'0', NULL, 1, 1, NULL, ''),
(722, 62, 133, '88.00', NULL, 18, 1, 2, b'0', NULL, 1, 1, NULL, ''),
(723, 63, 133, '88.00', NULL, 18, 1, 2, b'0', NULL, 1, 1, NULL, ''),
(724, 64, 133, '88.00', NULL, 18, 1, 2, b'0', NULL, 1, 1, NULL, ''),
(725, 65, 133, '88.00', NULL, 18, 1, 2, b'0', NULL, 1, 1, NULL, ''),
(726, 66, 133, '88.00', NULL, 18, 1, 2, b'0', NULL, 1, 1, NULL, ''),
(727, 67, 133, '88.00', NULL, 18, 1, 2, b'0', NULL, 1, 1, NULL, ''),
(728, 68, 133, '88.00', NULL, 18, 1, 2, b'0', NULL, 1, 1, NULL, ''),
(729, 59, 134, '88.00', NULL, 18, 1, 2, b'0', NULL, 1, 1, NULL, ''),
(730, 60, 134, '88.00', NULL, 18, 1, 2, b'0', NULL, 1, 1, NULL, ''),
(731, 61, 134, '88.00', NULL, 18, 1, 2, b'0', NULL, 1, 1, NULL, ''),
(732, 62, 134, '88.00', NULL, 18, 1, 2, b'0', NULL, 1, 1, NULL, ''),
(733, 63, 134, '88.00', NULL, 18, 1, 2, b'0', NULL, 1, 1, NULL, ''),
(734, 64, 134, '88.00', NULL, 18, 1, 2, b'0', NULL, 1, 1, NULL, ''),
(735, 65, 134, '88.00', NULL, 18, 1, 2, b'0', NULL, 1, 1, NULL, ''),
(736, 66, 134, '88.00', NULL, 18, 1, 2, b'0', NULL, 1, 1, NULL, ''),
(737, 67, 134, '88.00', NULL, 18, 1, 2, b'0', NULL, 1, 1, NULL, ''),
(738, 68, 134, '88.00', NULL, 18, 1, 2, b'0', NULL, 1, 1, NULL, ''),
(739, 59, 135, '44.00', NULL, 18, 1, 2, b'0', NULL, 1, 1, NULL, ''),
(740, 60, 135, '44.00', NULL, 18, 1, 2, b'0', NULL, 1, 1, NULL, ''),
(741, 61, 135, '44.00', NULL, 18, 1, 2, b'0', NULL, 1, 1, NULL, ''),
(742, 62, 135, '44.00', NULL, 18, 1, 2, b'0', NULL, 1, 1, NULL, ''),
(743, 63, 135, '44.00', NULL, 18, 1, 2, b'0', NULL, 1, 1, NULL, ''),
(744, 64, 135, '44.00', NULL, 18, 1, 2, b'0', NULL, 1, 1, NULL, ''),
(745, 65, 135, '44.00', NULL, 18, 1, 2, b'0', NULL, 1, 1, NULL, ''),
(746, 66, 135, '44.00', NULL, 18, 1, 2, b'0', NULL, 1, 1, NULL, ''),
(747, 67, 135, '44.00', NULL, 18, 1, 2, b'0', NULL, 1, 1, NULL, ''),
(748, 68, 135, '44.00', NULL, 18, 1, 2, b'0', NULL, 1, 1, NULL, ''),
(749, 59, 136, '33.00', NULL, 18, 1, 2, b'0', NULL, 1, 1, NULL, ''),
(750, 60, 136, '33.00', NULL, 18, 1, 2, b'0', NULL, 1, 1, NULL, ''),
(751, 61, 136, '33.00', NULL, 18, 1, 2, b'0', NULL, 1, 1, NULL, ''),
(752, 62, 136, '33.00', NULL, 18, 1, 2, b'0', NULL, 1, 1, NULL, ''),
(753, 63, 136, '33.00', NULL, 18, 1, 2, b'0', NULL, 1, 1, NULL, ''),
(754, 64, 136, '33.00', NULL, 18, 1, 2, b'0', NULL, 1, 1, NULL, ''),
(755, 65, 136, '33.00', NULL, 18, 1, 2, b'0', NULL, 1, 1, NULL, ''),
(756, 66, 136, '33.00', NULL, 18, 1, 2, b'0', NULL, 1, 1, NULL, ''),
(757, 67, 136, '33.00', NULL, 18, 1, 2, b'0', NULL, 1, 1, NULL, ''),
(758, 68, 136, '33.00', NULL, 18, 1, 2, b'0', NULL, 1, 1, NULL, ''),
(759, 59, 137, '44.00', NULL, 18, 1, 2, b'0', NULL, 1, 1, NULL, ''),
(760, 60, 137, '44.00', NULL, 18, 1, 2, b'0', NULL, 1, 1, NULL, ''),
(761, 61, 137, '44.00', NULL, 18, 1, 2, b'0', NULL, 1, 1, NULL, ''),
(762, 62, 137, '44.00', NULL, 18, 1, 2, b'0', NULL, 1, 1, NULL, ''),
(763, 63, 137, '44.00', NULL, 18, 1, 2, b'0', NULL, 1, 1, NULL, ''),
(764, 64, 137, '44.00', NULL, 18, 1, 2, b'0', NULL, 1, 1, NULL, ''),
(765, 65, 137, '44.00', NULL, 18, 1, 2, b'0', NULL, 1, 1, NULL, ''),
(766, 66, 137, '44.00', NULL, 18, 1, 2, b'0', NULL, 1, 1, NULL, ''),
(767, 67, 137, '44.00', NULL, 18, 1, 2, b'0', NULL, 1, 1, NULL, ''),
(768, 68, 137, '44.00', NULL, 18, 1, 2, b'0', NULL, 1, 1, NULL, ''),
(769, 59, 138, '44.00', NULL, 18, 1, 2, b'0', NULL, 1, 1, NULL, ''),
(770, 60, 138, '44.00', NULL, 18, 1, 2, b'0', NULL, 1, 1, NULL, ''),
(771, 61, 138, '44.00', NULL, 18, 1, 2, b'0', NULL, 1, 1, NULL, ''),
(772, 62, 138, '44.00', NULL, 18, 1, 2, b'0', NULL, 1, 1, NULL, ''),
(773, 63, 138, '44.00', NULL, 18, 1, 2, b'0', NULL, 1, 1, NULL, ''),
(774, 64, 138, '44.00', NULL, 18, 1, 2, b'0', NULL, 1, 1, NULL, ''),
(775, 65, 138, '44.00', NULL, 18, 1, 2, b'0', NULL, 1, 1, NULL, ''),
(776, 66, 138, '44.00', NULL, 18, 1, 2, b'0', NULL, 1, 1, NULL, ''),
(777, 67, 138, '44.00', NULL, 18, 1, 2, b'0', NULL, 1, 1, NULL, ''),
(778, 68, 138, '44.00', NULL, 18, 1, 2, b'0', NULL, 1, 1, NULL, '');

-- --------------------------------------------------------

--
-- Table structure for table `feediscount`
--

CREATE TABLE IF NOT EXISTS `feediscount` (
  `Id` int(10) NOT NULL AUTO_INCREMENT,
  `name` varchar(255) NOT NULL,
  `amount` decimal(10,0) NOT NULL,
  `finance_fee_category_id` int(10) NOT NULL,
  `add_type` int(10) NOT NULL,
  `student_category_id` int(10) NOT NULL,
  `admission_no` int(10) NOT NULL,
  `department_id` int(10) NOT NULL,
  `course_id` int(10) NOT NULL,
  `level_id` int(10) NOT NULL,
  `batch_id` int(10) NOT NULL,
  `is_deleted` bit(1) NOT NULL DEFAULT b'0',
  `created_at` date NOT NULL,
  `update_at` date NOT NULL,
  PRIMARY KEY (`Id`)
) ENGINE=InnoDB DEFAULT CHARSET=utf8 AUTO_INCREMENT=1 ;

--
-- Dumping data for table `feediscount`
--


-- --------------------------------------------------------

--
-- Table structure for table `feefine`
--

CREATE TABLE IF NOT EXISTS `feefine` (
  `Id` int(10) NOT NULL AUTO_INCREMENT,
  `name` varchar(255) NOT NULL,
  `amount` decimal(10,0) NOT NULL,
  `add_type` int(10) NOT NULL,
  `student_category_id` int(10) NOT NULL,
  `admission_no` int(10) NOT NULL,
  `department_id` int(10) NOT NULL,
  `course_id` int(10) NOT NULL,
  `batch_id` int(10) NOT NULL,
  `level_id` int(10) NOT NULL,
  `is_deleted` bit(1) NOT NULL DEFAULT b'0',
  `created_at` date NOT NULL,
  `update_at` date NOT NULL,
  PRIMARY KEY (`Id`)
) ENGINE=InnoDB DEFAULT CHARSET=utf8 AUTO_INCREMENT=1 ;

--
-- Dumping data for table `feefine`
--


-- --------------------------------------------------------

--
-- Table structure for table `financedonation`
--

CREATE TABLE IF NOT EXISTS `financedonation` (
  `Id` int(10) NOT NULL AUTO_INCREMENT,
  `donor` varchar(255) NOT NULL,
  `describtion` varchar(255) NOT NULL,
  `amount` decimal(10,0) NOT NULL,
  `transcation_date` date NOT NULL,
  `created_at` date NOT NULL,
  `update_at` date NOT NULL,
  PRIMARY KEY (`Id`)
) ENGINE=InnoDB DEFAULT CHARSET=utf8 AUTO_INCREMENT=1 ;

--
-- Dumping data for table `financedonation`
--


-- --------------------------------------------------------

--
-- Table structure for table `financefeeparticular`
--

CREATE TABLE IF NOT EXISTS `financefeeparticular` (
  `Id` int(10) NOT NULL AUTO_INCREMENT,
  `finance_fee_category_id` int(10) NOT NULL,
  `add_type` int(10) NOT NULL,
  `student_category_id` int(10) NOT NULL,
  `admission_no` int(10) NOT NULL,
  `department_id` int(10) NOT NULL,
  `course_id` int(10) NOT NULL,
  `batch_id` int(10) NOT NULL,
  `level_id` int(10) NOT NULL,
  `is_deleted` bit(1) NOT NULL DEFAULT b'0',
  `created_at` date NOT NULL,
  `update_at` date NOT NULL,
  PRIMARY KEY (`Id`)
) ENGINE=InnoDB DEFAULT CHARSET=utf8 AUTO_INCREMENT=1 ;

--
-- Dumping data for table `financefeeparticular`
--


-- --------------------------------------------------------

--
-- Table structure for table `financefreecategory`
--

CREATE TABLE IF NOT EXISTS `financefreecategory` (
  `Id` int(10) NOT NULL AUTO_INCREMENT,
  `name` varchar(255) NOT NULL,
  `describtion` varchar(255) NOT NULL,
  `amount` decimal(10,0) NOT NULL,
  `is_master` bit(1) NOT NULL DEFAULT b'0',
  `is_deleted` bit(1) NOT NULL DEFAULT b'0',
  `created_at` date NOT NULL,
  `update_at` date NOT NULL,
  PRIMARY KEY (`Id`)
) ENGINE=InnoDB DEFAULT CHARSET=utf8 AUTO_INCREMENT=1 ;

--
-- Dumping data for table `financefreecategory`
--


-- --------------------------------------------------------

--
-- Table structure for table `financetransaction`
--

CREATE TABLE IF NOT EXISTS `financetransaction` (
  `Id` int(10) NOT NULL AUTO_INCREMENT,
  `title` varchar(255) NOT NULL,
  `describtion` varchar(255) NOT NULL,
  `admission_no` int(10) NOT NULL,
  `amount` decimal(10,0) NOT NULL,
  `finance_fee_category_id` int(10) NOT NULL,
  `finance_fees_id` int(10) NOT NULL,
  `finance_transction_category_id` int(10) NOT NULL,
  `finance_type` int(10) NOT NULL,
  `created_at` date NOT NULL,
  `update_at` date NOT NULL,
  `transcation_date` date NOT NULL,
  `payee_id` int(10) NOT NULL,
  `receibt_no` int(10) NOT NULL,
  `voucher_no` int(10) NOT NULL,
  `is_reminder_amount` bit(1) NOT NULL DEFAULT b'0',
  PRIMARY KEY (`Id`)
) ENGINE=InnoDB DEFAULT CHARSET=utf8 AUTO_INCREMENT=1 ;

--
-- Dumping data for table `financetransaction`
--


-- --------------------------------------------------------

--
-- Table structure for table `financetransactioncategory`
--

CREATE TABLE IF NOT EXISTS `financetransactioncategory` (
  `Id` int(10) NOT NULL AUTO_INCREMENT,
  `name` varchar(255) NOT NULL,
  `describtion` varchar(255) NOT NULL,
  `is_income` bit(1) NOT NULL DEFAULT b'0',
  `is_deleted` bit(1) NOT NULL DEFAULT b'0',
  PRIMARY KEY (`Id`)
) ENGINE=InnoDB DEFAULT CHARSET=utf8 AUTO_INCREMENT=1 ;

--
-- Dumping data for table `financetransactioncategory`
--


-- --------------------------------------------------------

--
-- Table structure for table `guardian`
--

CREATE TABLE IF NOT EXISTS `guardian` (
  `Id` int(10) NOT NULL AUTO_INCREMENT,
  `student_id` int(10) NOT NULL,
  `first_name` varchar(255) NOT NULL,
  `last_name` varchar(255) NOT NULL,
  `relation` varchar(255) NOT NULL,
  `Email` varchar(255) NOT NULL,
  `phone` varchar(255) NOT NULL,
  `address` varchar(255) NOT NULL,
  `city` varchar(255) NOT NULL,
  `birth_of_date` date NOT NULL,
  `country_id` varchar(255) NOT NULL,
  `occupation` varchar(255) NOT NULL,
  `income` varchar(255) NOT NULL,
  `education` varchar(255) NOT NULL,
  `created_at` date NOT NULL,
  `update_at` date NOT NULL,
  `user_id` int(10) NOT NULL,
  `user_id_create` int(10) NOT NULL,
  `user_id_update` int(10) NOT NULL,
  PRIMARY KEY (`Id`)
) ENGINE=InnoDB  DEFAULT CHARSET=utf8 AUTO_INCREMENT=125 ;

--
-- Dumping data for table `guardian`
--

INSERT INTO `guardian` (`Id`, `student_id`, `first_name`, `last_name`, `relation`, `Email`, `phone`, `address`, `city`, `birth_of_date`, `country_id`, `occupation`, `income`, `education`, `created_at`, `update_at`, `user_id`, `user_id_create`, `user_id_update`) VALUES
(2, 19, 'saeed kassem saleh', 'alnjashi', 'father', '', '', '', '', '0000-00-00', '', '', '', '', '2017-04-23', '0000-00-00', 0, 0, 0),
(3, 19, 'saeed kassem saleh', 'alnjashi', 'father', '', '', '', '', '0000-00-00', '', '', '', '', '2017-04-23', '0000-00-00', 0, 0, 0),
(4, 19, 'saeed kassem saleh', 'alnjashi', 'father', '', '', '', '', '0000-00-00', '', '', '', '', '2017-04-23', '0000-00-00', 0, 0, 0),
(5, 19, 'saeed kassem saleh', 'alnjashi', 'father', '', '', '', '', '0000-00-00', '', '', '', '', '2017-04-23', '0000-00-00', 0, 0, 0),
(6, 19, 'saeed kassem saleh', 'alnjashi', 'father', '', '', '', '', '0000-00-00', '', '', '', '', '2017-04-23', '0000-00-00', 0, 0, 0),
(7, 19, 'saeed kassem saleh', 'alnjashi', 'father', '', '', '', '', '0000-00-00', '', '', '', '', '2017-04-23', '0000-00-00', 0, 0, 0),
(8, 19, 'saeed kassem saleh', 'alnjashi', 'father', '', '', '', '', '0000-00-00', '', '', '', '', '2017-04-23', '0000-00-00', 0, 0, 0),
(9, 19, 'saeed kassem saleh', 'alnjashi', 'father', '', '', '', '', '0000-00-00', '', '', '', '', '2017-04-23', '0000-00-00', 0, 0, 0),
(10, 19, 'saeed kassem saleh', 'alnjashi', 'father', '', '', '', '', '0000-00-00', '', '', '', '', '2017-04-23', '0000-00-00', 0, 0, 0),
(11, 19, 'saeed kassem saleh', 'alnjashi', 'father', '', '', '', '', '0000-00-00', '', '', '', '', '2017-04-23', '0000-00-00', 0, 0, 0),
(12, 19, 'saeed kassem saleh', 'alnjashi', 'father', '', '', '', '', '0000-00-00', '', '', '', '', '2017-04-23', '0000-00-00', 0, 0, 0),
(13, 19, 'saeed kassem saleh', 'alnjashi', 'father', '', '', '', '', '0000-00-00', '', '', '', '', '2017-04-23', '0000-00-00', 0, 0, 0),
(14, 23, 'saeed kasem mohammed', 'daboan', 'father', '', '', '', '', '0000-00-00', '', '', '', '', '2017-04-23', '0000-00-00', 0, 0, 0),
(15, 24, 'saleh mohamed', 'kassem', 'father', '', '', '', '', '1970-05-07', '', '', '', '', '2017-04-23', '0000-00-00', 0, 0, 0),
(16, 24, 'saleh mohamed', 'kassem', 'father', '', '', '', '', '1970-05-07', '', '', '', '', '2017-04-23', '0000-00-00', 0, 0, 0),
(17, 25, 'labib', 'saeed', 'brother', '', '', '', '', '0000-00-00', '', 'doctor', '', '', '2017-04-23', '0000-00-00', 0, 0, 0),
(18, 11, 'mohammed abdullah', 'alwahizi', 'husband', '', '', '', '', '1989-09-08', '', '', '', '', '2017-04-23', '0000-00-00', 0, 0, 0),
(19, 11, 'mohammed abdullah', 'alwahizi', 'husband', '', '', '', '', '1989-09-08', '', '', '', '', '2017-04-23', '0000-00-00', 0, 0, 0),
(20, 10, 'salem tammer', 'shoafi', 'freinds', '', '', '', '', '2008-08-06', '', '', '', '', '2017-04-23', '0000-00-00', 0, 0, 0),
(21, 28, 'mohammed', 'nagm', 'uncle', 'lll@hotmail.com', '9383939637363', 'bionesaires', 'biones', '0000-00-00', '', '', '2837', '', '2017-04-23', '0000-00-00', 0, 0, 0),
(22, 33, 'mohamed', 'hau', 'lllllllllll', '', '77777777777777', '', 'taiz', '0000-00-00', '', 'bav', '200000', 'teacher', '2017-05-01', '0000-00-00', 0, 0, 0),
(23, 34, 'hgfddsa', 'ooooooooo', 'kassem', '', '', '', '', '0000-00-00', '', '', '', '', '0000-00-00', '0000-00-00', 0, 0, 0),
(24, 34, 'hgfddsa', 'ooooooooo', 'kassem', '', '', '', '', '0000-00-00', '', '', '', '', '0000-00-00', '0000-00-00', 0, 0, 0),
(25, 34, 'hgfddsa', 'ooooooooo', 'kassem', '', '', '', '', '0000-00-00', '', '', '', '', '0000-00-00', '0000-00-00', 0, 0, 0),
(26, 34, 'hgfddsa', 'ooooooooo', 'kassem', '', '', '', '', '0000-00-00', '', '', '', '', '0000-00-00', '0000-00-00', 0, 0, 0),
(27, 34, 'hgfddsa', 'ooooooooo', 'kassem', '', '', '', '', '0000-00-00', '', '', '', '', '0000-00-00', '0000-00-00', 0, 0, 0),
(28, 34, 'hgfddsa', 'ooooooooo', 'kassem', '', '', '', '', '0000-00-00', '', '', '', '', '0000-00-00', '0000-00-00', 0, 0, 0),
(29, 34, 'hgfddsa', 'ooooooooo', 'kassem', '', '', '', '', '0000-00-00', '', '', '', '', '0000-00-00', '0000-00-00', 0, 0, 0),
(30, 34, 'hgfddsa', 'ooooooooo', 'kassem', '', '', '', '', '0000-00-00', '', '', '', '', '0000-00-00', '0000-00-00', 0, 0, 0),
(31, 35, 'ahmed salem', 'alhraibi', 'father', '', '', '', '', '0000-00-00', '', '', '', '', '0000-00-00', '0000-00-00', 0, 0, 0),
(32, 35, 'ahmed salem', 'alhraibi', 'father', '', '', '', '', '0000-00-00', '', '', '', '', '0000-00-00', '0000-00-00', 0, 0, 0),
(33, 36, '', '', '', '', '', '', '', '0000-00-00', '', '', '', '', '0000-00-00', '0000-00-00', 0, 0, 0),
(34, 37, 'rsad abdu farhan', 'alsharabi', 'father', '', '', '', '', '0000-00-00', '', '', '', '', '0000-00-00', '0000-00-00', 0, 0, 0),
(35, 38, '', '', '', '', '', '', '', '0000-00-00', '', '', '', '', '0000-00-00', '0000-00-00', 0, 0, 0),
(36, 38, '', '', '', '', '', '', '', '0000-00-00', '', '', '', '', '0000-00-00', '0000-00-00', 0, 0, 0),
(37, 39, 'aisha alshoafi', 'king', 'sister', '', '', '', '', '0000-00-00', '', '', '', '', '2017-05-03', '0000-00-00', 0, 0, 0),
(38, 39, 'jjjjjjjjjjjjjjjjj', 'llllllllllllllllllllllllllgggggggggggggggg', 'sssssssssss', '', '', '', '', '0000-00-00', '', '', '', '', '2017-05-03', '0000-00-00', 0, 0, 0),
(39, 40, 'abdulkawi ', 'farhan', 'father', '', '777776665', '', 'taiz', '2006-09-09', '', '', '', 'doctor', '0000-00-00', '2017-05-04', 0, 0, 0),
(40, 42, 'saleh ahmed ali', 'fggh', 'ABB', '', '', '', '', '2087-09-09', '', '', '', '', '2017-05-04', '2017-05-04', 0, 0, 0),
(41, 43, 'ىىىىىىى', 'تاتلاى', 'لال', '', '', '', '', '0000-00-00', '', '', '', '', '0000-00-00', '2017-05-04', 0, 0, 0),
(42, 45, 'hhhhhhhhh', 'hhhhhhhhhh', '', '', '', '', '', '0000-00-00', '', '', '', '', '2017-05-15', '0000-00-00', 0, 0, 0),
(43, 46, '', '', '', '', '', '', '', '0000-00-00', '', '', '', '', '0000-00-00', '0000-00-00', 0, 0, 0),
(44, 52, 'الاسم', 'اااااااااا', '', '', '', '', '', '0000-00-00', '', '', '', '', '0000-00-00', '2017-07-12', 0, 0, 0),
(45, 52, 'الاسم', 'اااااااااا', '', '', '', '', '', '0000-00-00', '', '', '', '', '2017-05-21', '2017-07-12', 0, 0, 0),
(46, 53, '', '', '', '', '', '', '', '0000-00-00', '', '', '', '', '0000-00-00', '0000-00-00', 0, 0, 0),
(47, 54, '', '', '', '', '', '', '', '0000-00-00', '', '', '', '', '0000-00-00', '0000-00-00', 0, 0, 0),
(48, 55, '', '', '', '', '', '', '', '0000-00-00', '', '', '', '', '0000-00-00', '0000-00-00', 0, 0, 0),
(49, 55, '', '', '', '', '', '', '', '0000-00-00', '', '', '', '', '0000-00-00', '0000-00-00', 0, 0, 0),
(50, 56, '', '', '', '', '', '', '', '0000-00-00', '', '', '', '', '0000-00-00', '0000-00-00', 0, 0, 0),
(51, 57, '', '', '', '', '', '', '', '0000-00-00', '', '', '', '', '0000-00-00', '0000-00-00', 0, 0, 0),
(52, 58, '', '', '', '', '', '', '', '0000-00-00', '', '', '', '', '0000-00-00', '0000-00-00', 0, 0, 0),
(53, 59, 'jjjjjjjjjjjjj', 'hhhhhhhhhh', 'hhhhhhhhhh', 'gggg@mkl.com', '', '', '', '0000-00-00', '', '', '', '', '0000-00-00', '2017-08-26', 0, 0, 0),
(54, 60, '', '', '', '', '', '', '', '0000-00-00', '', '', '', '', '0000-00-00', '0000-00-00', 0, 0, 0),
(55, 71, '', '', '', '', '', '', '', '0000-00-00', '', '', '', '', '0000-00-00', '0000-00-00', 0, 0, 0),
(56, 90, 'rrrrrrrrrrrrr', '', '', '', '', '', '', '0000-00-00', '', '', '', '', '2017-06-27', '0000-00-00', 0, 0, 0),
(57, 124, 'علي دبوانالصبري', 'الصبري', 'سسسسسسس', '', '', '', '', '0000-00-00', '', '', '', '', '2017-06-28', '0000-00-00', 0, 0, 0),
(58, 124, '', '', '', '', '', '', '', '0000-00-00', '', '', '', '', '0000-00-00', '0000-00-00', 0, 0, 0),
(59, 134, 'kkkkkkkk', 'kkkkkkkkkkk', 'kkkk', '', '', '', '', '0000-00-00', '', '', '', '', '2017-06-29', '0000-00-00', 0, 0, 0),
(60, 134, 'kkkkkkkk', 'kkkkkkkkkkk', 'kkkk', '', '', '', '', '0000-00-00', '', '', '', '', '2017-06-29', '0000-00-00', 0, 0, 0),
(61, 135, '', '', '', '', '', '', '', '0000-00-00', '', '', '', '', '2017-06-29', '2017-07-02', 0, 0, 0),
(62, 136, 'alihhhrrrrhjrrrrreeeererrrrrreetsyyy', 'gggggg', 'gggggrrrr', '', '', 'taize', '', '0000-00-00', '', '', '', '', '2017-06-29', '2017-07-03', 0, 0, 0),
(63, 136, 'alihhhrrrrhjrrrrreeeererrrrrreetsyyy', 'gggggg', 'gggggrrrr', '', '', 'taize', '', '0000-00-00', '', '', '', '', '2017-06-29', '2017-07-03', 0, 0, 0),
(64, 136, 'alihhhrrrrhjrrrrreeeererrrrrreetsyyy', 'gggggg', 'gggggrrrr', '', '', 'taize', '', '0000-00-00', '', '', '', '', '2017-06-29', '2017-07-03', 0, 0, 0),
(65, 136, 'alihhhrrrrhjrrrrreeeererrrrrreetsyyy', 'gggggg', 'gggggrrrr', '', '', 'taize', '', '0000-00-00', '', '', '', '', '2017-06-29', '2017-07-03', 0, 0, 0),
(66, 136, 'alihhhrrrrhjrrrrreeeererrrrrreetsyyy', 'gggggg', 'gggggrrrr', '', '', 'taize', '', '0000-00-00', '', '', '', '', '2017-06-29', '2017-07-03', 0, 0, 0),
(67, 118, 'esssssskkkkkkkrtfddddddddddddd5rr', 'dddddddd', 'rrrfffffeeej', '', '', '', '', '0000-00-00', '', '', '', '', '2017-07-03', '2017-07-03', 0, 0, 0),
(68, 118, 'esssssskkkkkkkrtfddddddddddddd5rr', 'dddddddd', 'rrrfffffeeej', '', '', '', '', '0000-00-00', '', '', '', '', '2017-07-03', '2017-07-03', 0, 0, 0),
(69, 118, 'esssssskkkkkkkrtfddddddddddddd5rr', 'dddddddd', 'rrrfffffeeej', '', '', '', '', '0000-00-00', '', '', '', '', '2017-07-03', '2017-07-03', 0, 0, 0),
(70, 137, 'salahfstkegsdddd', 'asabry', 'faather', '', '', '', '', '0000-00-00', '', '', '', '', '2017-07-06', '2017-07-07', 0, 0, 0),
(71, 138, 'عامر', 'سعيد', '', 'salahco2013@gmail.com', '', '', '', '2017-01-01', '', '', '', '', '2017-07-06', '0000-00-00', 0, 0, 0),
(72, 141, 'سسسسسسسسسس', 'ييييييي', '', '', '', '', '', '0000-00-00', '', '', '', '', '2017-07-06', '0000-00-00', 0, 0, 0),
(73, 141, 'اااااااا', 'اااااااااااااا', 'اااااااااااا', '', '', '', '', '0000-00-00', '', '', '', '', '2017-07-06', '0000-00-00', 0, 0, 0),
(74, 141, 'ننننننننننن', 'ننننننننننن', 'ننن', '', '', '', '', '0000-00-00', '', '', '', '', '2017-07-06', '0000-00-00', 0, 0, 0),
(75, 142, 'ىىىىىىى', 'ىىىىىىىى', '', '', '', '', '', '0000-00-00', '', '', '', '', '2017-07-06', '0000-00-00', 0, 0, 0),
(76, 142, 'ااااااا', 'ااااااا', '', '', '', '', '', '0000-00-00', '', '', '', '', '2017-07-06', '0000-00-00', 0, 0, 0),
(77, 142, 'يييييييي', 'ضضضضضضضض', '', '', '', '', '', '0000-00-00', '', '', '', '', '2017-07-06', '0000-00-00', 0, 0, 0),
(78, 142, 'يييييييييييي', 'ييييييييي', 'يييييييي', '', '', '', '', '0000-00-00', '', '', '', '', '2017-07-06', '0000-00-00', 0, 0, 0),
(79, 142, 'ئئئئئئئئئ', 'يييييييي', 'يييييييييي', '', '', '', '', '0000-00-00', '', '', '', '', '2017-07-06', '0000-00-00', 0, 0, 0),
(80, 142, 'سسسسسسسس', '', '', '', '', '', '', '0000-00-00', '', '', '', '', '2017-07-06', '0000-00-00', 0, 0, 0),
(81, 142, 'يسسسسسسس', 'يييييي', '', '', '', '', '', '0000-00-00', '', '', '', '', '2017-07-06', '0000-00-00', 0, 0, 0),
(82, 142, 'يييييي', 'ييييييييي', '', '', '', '', '', '0000-00-00', '', '', '', '', '2017-07-06', '0000-00-00', 0, 0, 0),
(83, 142, 'يييييييي', '', '', '', '', '', '', '0000-00-00', '', '', '', '', '2017-07-06', '0000-00-00', 0, 0, 0),
(84, 142, 'ببببببببب', '', '', '', '', '', '', '0000-00-00', '', '', '', '', '2017-07-06', '0000-00-00', 0, 0, 0),
(85, 142, 'اااااااااااااا', '', '', '', '', '', '', '0000-00-00', '', '', '', '', '2017-07-06', '0000-00-00', 0, 0, 0),
(86, 142, 'بببببببببب', '', '', '', '', '', '', '0000-00-00', '', '', '', '', '2017-07-06', '0000-00-00', 0, 0, 0),
(87, 144, 'ffffffffffffff', '', '', '', '', '', '', '0000-00-00', '', '', '', '', '2017-07-06', '0000-00-00', 0, 0, 0),
(88, 144, 'ffffffffffff', '', '', '', '', '', '', '0000-00-00', '', '', '', '', '2017-07-06', '0000-00-00', 0, 0, 0),
(89, 144, 'gggggggg', '', '', '', '', '', '', '0000-00-00', '', '', '', '', '2017-07-06', '0000-00-00', 0, 0, 0),
(90, 144, 'fffffff', '', '', '', '', '', '', '0000-00-00', '', '', '', '', '2017-07-06', '0000-00-00', 0, 0, 0),
(91, 144, 'fffffffffff', '', '', '', '', '', '', '0000-00-00', '', '', '', '', '2017-07-06', '0000-00-00', 0, 0, 0),
(92, 144, 'ddddddddddddddddd', '', '', '', '', '', '', '0000-00-00', '', '', '', '', '2017-07-06', '0000-00-00', 0, 0, 0),
(93, 146, 'gggggggggggggg', '', '', '', '', '', '', '0000-00-00', '', '', '', '', '2017-07-06', '0000-00-00', 0, 0, 0),
(94, 146, 'fffffffffffffffffff', '', '', '', '', '', '', '0000-00-00', '', '', '', '', '2017-07-06', '0000-00-00', 0, 0, 0),
(95, 146, 'ffffffffffff', '', '', '', '', '', '', '0000-00-00', '', '', '', '', '2017-07-06', '0000-00-00', 0, 0, 0),
(96, 146, 'ddddddddddd', '', '', '', '', '', '', '0000-00-00', '', '', '', '', '2017-07-06', '0000-00-00', 0, 0, 0),
(97, 148, 'ffffffffff', '', '', '', '', '', '', '0000-00-00', '', '', '', '', '2017-07-06', '0000-00-00', 0, 0, 0),
(98, 148, 'fffffff', '', '', '', '', '', '', '0000-00-00', '', '', '', '', '2017-07-06', '0000-00-00', 0, 0, 0),
(99, 148, 'fffff', '', '', '', '', '', '', '0000-00-00', '', '', '', '', '2017-07-06', '0000-00-00', 0, 0, 0),
(100, 148, 'dddddddddd', '', '', '', '', '', '', '0000-00-00', '', '', '', '', '2017-07-06', '0000-00-00', 0, 0, 0),
(101, 148, 'ddddddd', '', '', '', '', '', '', '0000-00-00', '', '', '', '', '2017-07-06', '0000-00-00', 0, 0, 0),
(102, 148, 'ddddddddd', '', '', '', '', '', '', '0000-00-00', '', '', '', '', '2017-07-06', '0000-00-00', 0, 0, 0),
(103, 149, 'jjjjjjjjjjj', '', '', '', '', '', '', '0000-00-00', '', '', '', '', '2017-07-07', '0000-00-00', 0, 0, 0),
(104, 149, 'ggggggggg', '', '', '', '', '', '', '0000-00-00', '', '', '', '', '2017-07-07', '0000-00-00', 0, 0, 0),
(105, 150, 'asem', 'sabry', 'fth', 'sak@g.com', 'kkkkkkkkkkk', 'kkkkkk', 'kkkkk', '2017-01-01', '', '', '200', '', '2017-07-07', '0000-00-00', 0, 0, 0),
(106, 119, 'xxxxxxxxxxxxsjjj', 'xxxxxxxxxx', 'zzzzzzzzzzzzzz', '', '', '', '', '0000-00-00', '', '', '', '', '2017-07-07', '2017-07-07', 0, 0, 0),
(107, 153, 'ffffffffff', '', '', '', '', '', '', '0000-00-00', '', '', '', '', '2017-07-08', '0000-00-00', 0, 0, 0),
(108, 155, 'jjjjjjjjjj', '', '', '', '', '', '', '0000-00-00', '', '', '', '', '2017-07-09', '0000-00-00', 0, 0, 0),
(109, 165, 'hhhhhhhhh', 'hhhhhhhhhhhh', '', '', '', '', '', '0000-00-00', '', '', '', '', '2017-07-09', '0000-00-00', 0, 0, 0),
(110, 165, 'sssss', 'ssssssssss', '', '', '', '', '', '0000-00-00', '', '', '', '', '2017-07-09', '0000-00-00', 0, 0, 0),
(111, 165, 'jjjjjjjjj', '', '', '', '', '', '', '0000-00-00', '', '', '', '', '2017-07-09', '0000-00-00', 0, 0, 0),
(112, 165, 'ddddddddddd', 'ddddddddd', '', '', '', '', '', '0000-00-00', '', '', '', '', '2017-07-09', '0000-00-00', 0, 0, 0),
(113, 165, 'jjjjjj', '', '', '', '', '', '', '0000-00-00', '', '', '', '', '2017-07-09', '0000-00-00', 0, 0, 0),
(114, 165, 'ddddddd', '', '', '', '', '', '', '0000-00-00', '', '', '', '', '2017-07-09', '0000-00-00', 0, 0, 0),
(115, 165, 'ddddddddddd', '', '', '', '', '', '', '0000-00-00', '', '', '', '', '2017-07-09', '0000-00-00', 0, 0, 0),
(116, 165, 'ssssssss', '', '', '', '', '', '', '0000-00-00', '', '', '', '', '2017-07-09', '0000-00-00', 0, 0, 0),
(117, 167, 'bhhhhhhh', '', '', '', '', '', '', '0000-00-00', '', '', '', '', '2017-07-09', '0000-00-00', 0, 0, 0),
(118, 167, 'bhhhhhhh', '', '', '', '', '', '', '0000-00-00', '', '', '', '', '2017-07-09', '0000-00-00', 0, 0, 0),
(119, 169, 'hhhhhhhhhhh', 'hh', '', '', '', '', '', '0000-00-00', '', '', '', '', '2017-07-12', '0000-00-00', 0, 0, 0),
(120, 132, 'kkkkkkk', 'kkkkkkkkkkkkkk', 'kkkkkkkkk', '', '', '', '', '0000-00-00', '', '', '', '', '2017-07-13', '0000-00-00', 0, 0, 0),
(121, 176, 'fddddddddddd', 'ssssssss', '', '', '', '', '', '0000-00-00', '', '', '', '', '2017-07-20', '0000-00-00', 0, 0, 0),
(122, 89, 'xxxxxxxx', 'sssssssss', '', '', '', '', '', '0000-00-00', '', '', '', '', '2017-08-08', '0000-00-00', 0, 0, 0),
(123, 178, 'محمد سيف ', 'الصبري', '', '', '', '', '', '0000-00-00', '', '', '', '', '2017-08-09', '0000-00-00', 0, 0, 0),
(124, 188, 'faid saif', 'alshamiry', 'father', 'faid@hotmail.com', '544321', '', '', '0000-00-00', '', '', '', '', '2018-04-18', '2018-04-18', 0, 0, 0);

-- --------------------------------------------------------

--
-- Table structure for table `level`
--

CREATE TABLE IF NOT EXISTS `level` (
  `Id` int(10) NOT NULL AUTO_INCREMENT,
  `name` varchar(255) NOT NULL,
  `code` varchar(255) NOT NULL,
  PRIMARY KEY (`Id`)
) ENGINE=InnoDB  DEFAULT CHARSET=utf8 AUTO_INCREMENT=6 ;

--
-- Dumping data for table `level`
--

INSERT INTO `level` (`Id`, `name`, `code`) VALUES
(1, 'مستوئ أول', 'FIRST'),
(2, 'مستوئ ثاني', 'SECOUND'),
(3, 'مستوئ ثالث', 'THIRD'),
(4, 'مستوئ رابع', 'FOURTH'),
(5, 'خريج', '');

-- --------------------------------------------------------

--
-- Table structure for table `monthlypayslip`
--

CREATE TABLE IF NOT EXISTS `monthlypayslip` (
  `Id` int(10) NOT NULL AUTO_INCREMENT,
  `salary_date` varchar(255) NOT NULL,
  `employee_id` int(10) NOT NULL,
  `payroll_category_id` int(10) NOT NULL,
  `department_id` int(10) NOT NULL,
  `amount` varchar(255) NOT NULL,
  `is_approved` bit(1) NOT NULL DEFAULT b'0',
  `approver_id` int(10) NOT NULL,
  `is_rejected` bit(1) NOT NULL DEFAULT b'0',
  `rejected_id` int(10) NOT NULL,
  `state_payslip` varchar(255) NOT NULL,
  `reason` varchar(255) NOT NULL,
  `remark` varchar(255) NOT NULL,
  `is_deleted` bit(1) NOT NULL DEFAULT b'0',
  PRIMARY KEY (`Id`),
  KEY `monthlypaylip_employee` (`employee_id`),
  KEY `monthlypaylip_department` (`department_id`),
  KEY `monthlypaylip_payrollcategory` (`payroll_category_id`)
) ENGINE=InnoDB DEFAULT CHARSET=utf8 AUTO_INCREMENT=1 ;

--
-- Dumping data for table `monthlypayslip`
--


-- --------------------------------------------------------

--
-- Table structure for table `news`
--

CREATE TABLE IF NOT EXISTS `news` (
  `Id` int(10) NOT NULL AUTO_INCREMENT,
  `title` varchar(255) NOT NULL,
  `author_id` int(10) NOT NULL,
  `content` varchar(255) NOT NULL,
  `created_at` date NOT NULL,
  `update_at` date NOT NULL,
  PRIMARY KEY (`Id`)
) ENGINE=InnoDB DEFAULT CHARSET=utf8 AUTO_INCREMENT=1 ;

--
-- Dumping data for table `news`
--


-- --------------------------------------------------------

--
-- Table structure for table `newscomments`
--

CREATE TABLE IF NOT EXISTS `newscomments` (
  `Id` int(10) NOT NULL AUTO_INCREMENT,
  `content` varchar(255) NOT NULL,
  `news_id` int(10) NOT NULL,
  `author_id` int(10) NOT NULL,
  `created_at` date NOT NULL,
  `update_at` date NOT NULL,
  `is_approved` bit(1) NOT NULL DEFAULT b'0',
  PRIMARY KEY (`Id`),
  KEY `newscomments_news` (`news_id`)
) ENGINE=InnoDB DEFAULT CHARSET=utf8 AUTO_INCREMENT=1 ;

--
-- Dumping data for table `newscomments`
--


-- --------------------------------------------------------

--
-- Table structure for table `pages`
--

CREATE TABLE IF NOT EXISTS `pages` (
  `page_Id` int(10) NOT NULL AUTO_INCREMENT,
  `page_name` varchar(255) NOT NULL,
  PRIMARY KEY (`page_Id`)
) ENGINE=InnoDB DEFAULT CHARSET=utf8 AUTO_INCREMENT=1 ;

--
-- Dumping data for table `pages`
--


-- --------------------------------------------------------

--
-- Table structure for table `payrollcategory`
--

CREATE TABLE IF NOT EXISTS `payrollcategory` (
  `Id` int(10) NOT NULL AUTO_INCREMENT,
  `name` varchar(255) NOT NULL,
  `employee_id` int(10) NOT NULL,
  `is_income` bit(1) NOT NULL DEFAULT b'0',
  `payroll_category_id` int(10) NOT NULL,
  `is_deleted` bit(1) NOT NULL DEFAULT b'0',
  PRIMARY KEY (`Id`),
  KEY `payrollcategory_employee` (`employee_id`),
  KEY `payrollcategory_itself` (`payroll_category_id`)
) ENGINE=InnoDB DEFAULT CHARSET=utf8 AUTO_INCREMENT=1 ;

--
-- Dumping data for table `payrollcategory`
--


-- --------------------------------------------------------

--
-- Table structure for table `permission`
--

CREATE TABLE IF NOT EXISTS `permission` (
  `permission_Id` int(10) NOT NULL AUTO_INCREMENT,
  `page_id` int(10) NOT NULL,
  `user_id` int(10) NOT NULL,
  PRIMARY KEY (`permission_Id`),
  KEY `permission_pages` (`page_id`),
  KEY `permission_users` (`user_id`)
) ENGINE=InnoDB DEFAULT CHARSET=utf8 AUTO_INCREMENT=1 ;

--
-- Dumping data for table `permission`
--


-- --------------------------------------------------------

--
-- Table structure for table `student`
--

CREATE TABLE IF NOT EXISTS `student` (
  `std_id` int(10) NOT NULL AUTO_INCREMENT,
  `admetion_no` int(10) NOT NULL,
  `class_roll_no` int(10) NOT NULL,
  `course_id` int(10) NOT NULL,
  `patch_id` int(10) NOT NULL,
  `level_id` int(10) NOT NULL,
  `dept_id` int(10) NOT NULL,
  `std_category_id` int(10) NOT NULL,
  `user_id` int(10) NOT NULL,
  `is_final` int(10) NOT NULL DEFAULT '0',
  `admission_date` date NOT NULL,
  `std_fname` varchar(255) NOT NULL,
  `std_lname` varchar(255) NOT NULL,
  `date_of_birth` datetime NOT NULL,
  `blood_group` varchar(255) NOT NULL,
  `birth_place` varchar(255) NOT NULL,
  `user_id_create` int(10) NOT NULL,
  `user_id_update` int(10) NOT NULL,
  `std_address` varchar(255) NOT NULL,
  `std_phone` varchar(255) NOT NULL,
  `language` varchar(255) NOT NULL,
  `nationality` varchar(255) NOT NULL,
  `gender` varchar(255) NOT NULL,
  `religion` varchar(255) NOT NULL,
  `Email` varchar(255) NOT NULL,
  `address` varchar(255) NOT NULL,
  `city` varchar(255) NOT NULL,
  `country_id` varchar(255) NOT NULL,
  `phone` varchar(255) NOT NULL,
  `photo_filename` varchar(255) NOT NULL,
  `documents` varchar(255) NOT NULL,
  `photo_data` varchar(255) NOT NULL,
  `status_description` varchar(255) NOT NULL,
  `total_average` varchar(255) NOT NULL,
  `is_sms_enable` bit(1) NOT NULL DEFAULT b'0',
  `created_at` date NOT NULL,
  `update_at` date NOT NULL,
  `is_active` bit(1) NOT NULL DEFAULT b'0',
  `is_deleted` bit(1) NOT NULL DEFAULT b'0',
  `has_paid_fees` bit(1) NOT NULL DEFAULT b'0',
  PRIMARY KEY (`std_id`),
  KEY `std_dept` (`dept_id`),
  KEY `std_course` (`course_id`),
  KEY `std_level` (`level_id`),
  KEY `student_batch` (`patch_id`),
  KEY `std_id` (`std_id`)
) ENGINE=InnoDB  DEFAULT CHARSET=utf8 AUTO_INCREMENT=190 ;

--
-- Dumping data for table `student`
--

INSERT INTO `student` (`std_id`, `admetion_no`, `class_roll_no`, `course_id`, `patch_id`, `level_id`, `dept_id`, `std_category_id`, `user_id`, `is_final`, `admission_date`, `std_fname`, `std_lname`, `date_of_birth`, `blood_group`, `birth_place`, `user_id_create`, `user_id_update`, `std_address`, `std_phone`, `language`, `nationality`, `gender`, `religion`, `Email`, `address`, `city`, `country_id`, `phone`, `photo_filename`, `documents`, `photo_data`, `status_description`, `total_average`, `is_sms_enable`, `created_at`, `update_at`, `is_active`, `is_deleted`, `has_paid_fees`) VALUES
(50, 100, 0, 1, 1, 2, 1, 3, 0, 0, '0000-00-00', 'امجد حمود', 'الزيلعي', '0000-00-00 00:00:00', '0', '', 0, 0, '', '', '', '', '1', '', 'salahco2013@gmail.com', '', '', '', '', '', '', '', '', '', b'0', '2017-05-21', '0000-00-00', b'0', b'0', b'0'),
(51, 101, 0, 1, 1, 2, 1, 3, 0, 0, '0000-00-00', 'انور امين', 'العصيد', '0000-00-00 00:00:00', 'o+', '', 0, 0, '', '555555', '', 'yemen', '1', '', 'salahco2013@gmail.com', '', '', '', '', '', '', '', '', '', b'0', '2017-05-21', '2017-07-09', b'0', b'0', b'0'),
(52, 103, 0, 1, 1, 2, 1, 3, 0, 0, '0000-00-00', 'ابو ثمانية جهال', 'العاقل', '0000-00-00 00:00:00', 'o+', '', 0, 0, 'ffffffffffffffffffffffffffff', '', '', '', '1', '', 'salahco2013@gmail.com', '', '', '', '', '', '', '', '', '', b'0', '2017-05-21', '2017-07-02', b'0', b'0', b'0'),
(53, 200, 0, 1, 1, 2, 1, 7, 0, 0, '0000-00-00', 'علي عرادة', 'العري', '0000-00-00 00:00:00', 'o+', '', 0, 0, '', '', '', '', '1', '', 'salahco2013@gmail.com', '', '', '', '', '', '', '', '', '', b'0', '2017-06-10', '0000-00-00', b'0', b'0', b'0'),
(54, 201, 0, 1, 1, 2, 1, 7, 0, 0, '2017-01-01', 'ادم عبد فارع', 'الحبشي القرشي', '0000-00-00 00:00:00', 'o+', '', 0, 0, '', '', '', '', '1', '', 'salahco2013@gmail.com', '', '', '', '', '', '', '', '', '', b'0', '2017-06-10', '0000-00-00', b'0', b'0', b'0'),
(55, 202, 0, 1, 1, 2, 1, 7, 0, 0, '0000-00-00', 'صلاح', 'محمد', '2017-01-01 00:00:00', '0', '', 0, 0, '', '', '', '', '1', '', 'salahco2013@gmail.com', '', '', '', '', '', '', '', '', '', b'0', '2017-06-10', '0000-00-00', b'0', b'0', b'0'),
(56, 300, 0, 1, 1, 2, 1, 7, 0, 0, '0000-00-00', 'مصعب نجيب', 'القباطي', '0000-00-00 00:00:00', 'o+', '', 0, 0, '', '', '', '', '1', '', 'salahco2013@gmail.com', '', '', '', '', '', '', '', '', '', b'0', '2017-06-12', '0000-00-00', b'0', b'0', b'0'),
(57, 301, 0, 1, 1, 2, 1, 7, 0, 0, '0000-00-00', 'عبدالله فرحان ', 'الخليدي', '0000-00-00 00:00:00', 'B+', '', 0, 0, '', '', '', '', '1', '', 'salahco2013@gmail.com', '', '', '', '', '', '', '', '', '', b'0', '2017-06-12', '0000-00-00', b'0', b'0', b'0'),
(58, 302, 0, 1, 1, 2, 1, 7, 0, 0, '0000-00-00', 'محمد عبدالاله ا', 'القباطي', '2017-01-01 00:00:00', 'B+', '', 0, 0, '', '', '', '', '1', '', 'salahco2013@gmail.com', '', '', '', '', '', '', '', '', '', b'0', '2017-06-12', '0000-00-00', b'0', b'0', b'0'),
(59, 401, 0, 1, 18, 1, 1, 1, 0, 0, '0000-00-00', 'علي   ', 'دفعه 2016', '0000-00-00 00:00:00', 'o+', '', 0, 0, '', '', '', '', '1', '', 'salahco2013@gmail.com', '', '', '', '', '', '', '', 'ill', '', b'0', '2017-06-22', '0000-00-00', b'1', b'0', b'0'),
(60, 402, 0, 1, 18, 1, 1, 2, 0, 0, '0000-00-00', 'احمد', 'دفعه 2016', '0000-00-00 00:00:00', 'A+', '', 0, 0, '', '', '', '', '1', '', 'salahco2013@gmail.com', '', '', '', '', '', '', '', 'fffffff', '', b'0', '2017-06-22', '0000-00-00', b'1', b'0', b'0'),
(61, 403, 0, 1, 18, 1, 1, 3, 0, 0, '0000-00-00', 'انور', 'دفعه 2016', '0000-00-00 00:00:00', 'B+', '', 0, 0, '', '', '', '', '1', '', 'salahco2013@gmail.com', '', '', '', '', '', '', '', '', '', b'0', '2017-06-22', '0000-00-00', b'0', b'0', b'0'),
(62, 404, 0, 1, 18, 1, 1, 7, 0, 0, '0000-00-00', 'لؤي', 'دفعه 2016', '0000-00-00 00:00:00', 'B+', '', 0, 0, '', '', '', '', '1', '', 'salahco2013@gmail.com', '', '', '', '', '', '', '', '', '', b'0', '2017-06-22', '0000-00-00', b'0', b'0', b'0'),
(63, 406, 0, 1, 18, 1, 1, 7, 0, 0, '0000-00-00', 'قاسم', 'دفعه 2016', '0000-00-00 00:00:00', 'B-', '', 0, 0, '', '', '', '', '1', '', 'salahco2013@gmail.com', '', '', '', '', '', '', '', '', '', b'0', '2017-06-22', '0000-00-00', b'0', b'0', b'0'),
(64, 407, 0, 1, 18, 1, 1, 7, 0, 0, '0000-00-00', 'ياسر', 'دفعه 2016', '0000-00-00 00:00:00', 'B-', '', 0, 0, '', '', '', '', '1', '', 'salahco2013@gmail.com', '', '', '', '', '', '', '', '', '', b'0', '2017-06-22', '0000-00-00', b'0', b'0', b'0'),
(65, 408, 0, 1, 18, 1, 1, 7, 0, 0, '0000-00-00', 'فايد', 'دفعه 2016', '0000-00-00 00:00:00', 'B-', '', 0, 0, '', '', '', '', '1', '', 'salahco2013@gmail.com', '', '', '', '', '', '', '', '', '', b'0', '2017-06-22', '0000-00-00', b'0', b'0', b'0'),
(66, 409, 0, 1, 18, 1, 1, 7, 0, 0, '0000-00-00', 'تامر', 'دفعه 2016', '0000-00-00 00:00:00', 'B-', '', 0, 0, '', '', '', '', '1', '', 'salahco2013@gmail.com', '', '', '', '', '', '', '', '', '', b'0', '2017-06-22', '0000-00-00', b'0', b'0', b'0'),
(67, 410, 0, 1, 18, 1, 1, 7, 0, 0, '0000-00-00', 'غمدان', 'دفعه 2016', '0000-00-00 00:00:00', 'AB', '', 0, 0, '', '', '', '', '1', '', 'salahco2013@gmail.com', '', '', '', '', '', '', '', '', '', b'0', '2017-06-22', '0000-00-00', b'0', b'0', b'0'),
(68, 411, 0, 1, 18, 1, 1, 7, 0, 0, '0000-00-00', 'بندر', 'دفعه 2016', '0000-00-00 00:00:00', 'A-', '', 0, 0, '', '', '', '', '1', '', 'salahco2013@gmail.com', '', '', '', '', '', '', '', '', '', b'0', '2017-06-22', '0000-00-00', b'0', b'0', b'0'),
(69, 412, 0, 1, 18, 1, 1, 1, 0, 0, '0000-00-00', 'try', 'try', '0000-00-00 00:00:00', 'o+', '', 0, 0, '', '', '', '', '1', '', 'sak@g.com', '', '', '', '', '', '', '', '', '', b'0', '2017-06-25', '0000-00-00', b'0', b'0', b'0'),
(70, 412, 0, 1, 18, 1, 1, 1, 0, 0, '0000-00-00', 'try', 'try', '0000-00-00 00:00:00', 'o+', '', 0, 0, '', '', '', '', '1', '', 'sak@g.com', '', '', '', '', '', '', '', '', '', b'0', '2017-06-25', '0000-00-00', b'0', b'0', b'0'),
(89, 415, 0, 1, 18, 1, 1, 1, 0, 0, '0000-00-00', 'ggggggggg', 'ddd', '0000-00-00 00:00:00', 'o+', '', 0, 0, '', '', '', '', '1', '', '', '', '', '', '', '', '', '', '', '', b'0', '2017-06-27', '2017-08-08', b'0', b'0', b'0'),
(90, 416, 0, 1, 18, 1, 1, 1, 0, 0, '0000-00-00', 'hhhhhhhh', 'hhhhhhhh', '0000-00-00 00:00:00', 'o+', '', 0, 0, '', '', '', '', '1', '', '', '', '', '', '', '', '', '', '', '', b'0', '2017-06-27', '0000-00-00', b'0', b'0', b'0'),
(91, 417, 0, 1, 18, 1, 1, 1, 0, 0, '2017-01-01', 'jjjjj', 'kkkkkkkkkkk', '0000-00-00 00:00:00', 'o+', '', 0, 0, '', '', '', '', '1', '', '', '', '', '', '', '', '', '', '', '', b'0', '2017-06-27', '0000-00-00', b'0', b'0', b'0'),
(97, 418, 0, 1, 18, 1, 1, 1, 0, 0, '0000-00-00', 'jjjjjjjj', 'jjjjjjjjjjj', '0000-00-00 00:00:00', 'o+', '', 0, 0, '', '', '', '', '1', '', 'john.doe@gmail.com', '', '', '', '', '', '', '', '', '', b'0', '2017-06-28', '0000-00-00', b'0', b'0', b'0'),
(98, 419, 0, 1, 18, 1, 1, 1, 0, 0, '0000-00-00', 'kkkk', 'kkkkkkkkkk', '0000-00-00 00:00:00', 'o+', '', 0, 0, '', '', '', '', '1', '', '', '', '', '', '', '', '', '', '', '', b'0', '2017-06-28', '0000-00-00', b'0', b'0', b'0'),
(99, 420, 0, 1, 18, 1, 1, 1, 0, 0, '0000-00-00', ',,,,,,,,', 'ssssss', '0000-00-00 00:00:00', 'o+', '', 0, 0, '', '', '', '', '1', '', '', '', '', '', '', '', '', '', '', '', b'0', '2017-06-28', '0000-00-00', b'0', b'0', b'0'),
(100, 421, 0, 1, 18, 1, 1, 1, 0, 0, '0000-00-00', 'kkkkkk', 'kkkkkkkk', '0000-00-00 00:00:00', 'o+', '', 0, 0, '', '', '', '', '1', '', '', '', '', '', '', '', '', '', '', '', b'0', '2017-06-28', '0000-00-00', b'0', b'0', b'0'),
(101, 422, 0, 1, 18, 1, 1, 1, 0, 0, '0000-00-00', 'lllll', 'lllllllll', '0000-00-00 00:00:00', 'o+', '', 0, 0, '', '', '', '', '1', '', '', '', '', '', '', '', '', '', '', '', b'0', '2017-06-28', '0000-00-00', b'0', b'0', b'0'),
(102, 423, 0, 1, 18, 1, 1, 1, 0, 0, '0000-00-00', 'kkkkkkkk', 'kkkkkkkkkkk', '0000-00-00 00:00:00', 'o+', '', 0, 0, '', '', '', '', '1', '', '', '', '', '', '', '', '', '', '', '', b'0', '2017-06-28', '0000-00-00', b'0', b'0', b'0'),
(103, 424, 0, 1, 18, 1, 1, 1, 0, 0, '0000-00-00', 'llllllll', 'llllllll', '0000-00-00 00:00:00', 'o+', '', 0, 0, '', '', '', '', '1', '', '', '', '', '', '', '', '', '', '', '', b'0', '2017-06-28', '0000-00-00', b'0', b'0', b'0'),
(104, 425, 0, 1, 18, 1, 1, 1, 0, 0, '0000-00-00', 'jjjjjj', 'jjjjjjjjjj', '0000-00-00 00:00:00', 'o+', '', 0, 0, '', '', '', '', '1', '', '', '', '', '', '', '', '', '', '', '', b'0', '2017-06-28', '0000-00-00', b'0', b'0', b'0'),
(105, 426, 0, 1, 18, 1, 1, 1, 0, 0, '0000-00-00', 'llllll', 'llllllll', '0000-00-00 00:00:00', 'o+', '', 0, 0, '', '', '', '', '1', '', '', '', '', '', '', '', '', '', '', '', b'0', '2017-06-28', '0000-00-00', b'0', b'0', b'0'),
(106, 427, 0, 1, 18, 1, 1, 1, 0, 0, '0000-00-00', 'kk', 'kk', '0000-00-00 00:00:00', 'o+', '', 0, 0, '', '', '', '', '1', '', '', '', '', '', '', '', '', '', '', '', b'0', '2017-06-28', '0000-00-00', b'0', b'0', b'0'),
(107, 428, 0, 1, 18, 1, 1, 1, 0, 0, '0000-00-00', 'ddddddddddd', 'ssssssss', '0000-00-00 00:00:00', 'o+', '', 0, 0, '', '', '', '', '1', '', '', '', '', '', '', '', '', '', '', '', b'0', '2017-06-28', '0000-00-00', b'0', b'0', b'0'),
(108, 429, 0, 1, 18, 1, 1, 1, 0, 0, '0000-00-00', 'kkkkkk', 'kkkkkkk', '0000-00-00 00:00:00', 'o+', '', 0, 0, '', '', '', '', '1', '', '', '', '', '', '', '', '', '', '', '', b'0', '2017-06-28', '0000-00-00', b'0', b'0', b'0'),
(109, 430, 0, 1, 18, 1, 1, 1, 0, 0, '0000-00-00', 'jjjjjjjjj', 'jjjjjjjjjj', '0000-00-00 00:00:00', 'o+', '', 0, 0, '', '', '', '', '1', '', '', '', '', '', '', '', '', '', '', '', b'0', '2017-06-28', '0000-00-00', b'0', b'0', b'0'),
(110, 431, 0, 1, 18, 1, 1, 1, 0, 0, '0000-00-00', 'jj', 'jjjjjjj', '0000-00-00 00:00:00', 'o+', '', 0, 0, '', '', '', '', '1', '', '', '', '', '', '', '', '', '', '', '', b'0', '2017-06-28', '0000-00-00', b'0', b'0', b'0'),
(111, 432, 0, 1, 18, 1, 1, 1, 0, 0, '0000-00-00', 'slahaS', 'j', '0000-00-00 00:00:00', 'o+', '', 0, 0, '', '', '', '', '1', '', '', '', '', '', '', '', '', '', '', '', b'0', '2017-06-28', '0000-00-00', b'0', b'0', b'0'),
(112, 433, 0, 1, 18, 1, 1, 1, 0, 0, '0000-00-00', 'ali', 'ali', '0000-00-00 00:00:00', 'o+', '', 0, 0, '', '', '', '', '1', '', '', '', '', '', '', '', '', '', '', '', b'0', '2017-06-28', '0000-00-00', b'0', b'0', b'0'),
(113, 434, 0, 1, 18, 1, 1, 1, 0, 0, '0000-00-00', 'alo', 'alo', '0000-00-00 00:00:00', 'o+', '', 0, 0, '', '', '', '', '1', '', '', '', '', '', '', '', '', '', '', '', b'0', '2017-06-28', '0000-00-00', b'0', b'0', b'0'),
(114, 435, 0, 1, 18, 1, 1, 1, 0, 0, '0000-00-00', 'محمد ', 'دبوان ', '0000-00-00 00:00:00', 'o+', '', 0, 0, '', '', '', '', '1', '', '', '', '', '', '', '', '', '', '', '', b'0', '2017-06-28', '0000-00-00', b'0', b'0', b'0'),
(115, 436, 0, 1, 18, 1, 1, 2, 0, 0, '0000-00-00', 'تتتتتتتتتتت', 'تتتتتتتتت', '0000-00-00 00:00:00', 'o+', '', 0, 0, '', '', '', '', '1', '', '', '', '', '', '', '', '', '', '', '', b'0', '2017-06-28', '0000-00-00', b'0', b'0', b'0'),
(116, 437, 0, 1, 18, 1, 1, 1, 0, 0, '0000-00-00', 'عماد ', 'احمد', '0000-00-00 00:00:00', 'o+', '', 0, 0, '', '', '', '', '1', '', '', '', '', '', '', '', '', '', '', '', b'0', '2017-06-28', '0000-00-00', b'0', b'0', b'0'),
(117, 438, 0, 1, 18, 1, 1, 1, 0, 0, '0000-00-00', 'تتتتتتتتتت', 'اااااااااااااا', '0000-00-00 00:00:00', 'o+', '', 0, 0, '', '', '', '', '1', '', '', '', '', '', '', '', '', '', '', '', b'0', '2017-06-28', '0000-00-00', b'0', b'0', b'0'),
(118, 439, 0, 1, 18, 1, 1, 1, 0, 0, '0000-00-00', 'عبده', 'عبده', '0000-00-00 00:00:00', 'o+', '', 0, 0, '', '', '', '', '1', '', '', '', '', '', '', '', '', '', '', '', b'0', '2017-06-28', '0000-00-00', b'0', b'0', b'0'),
(119, 440, 0, 1, 18, 1, 1, 1, 0, 0, '0000-00-00', 'علي', 'علي', '0000-00-00 00:00:00', 'o+', '', 0, 0, '', '', '', '', '1', '', '', '', '', '', '', '', '', '', '', '', b'0', '2017-06-28', '0000-00-00', b'0', b'0', b'0'),
(120, 441, 0, 1, 18, 1, 1, 1, 0, 0, '0000-00-00', 'علي', 'ناصر', '0000-00-00 00:00:00', 'o+', '', 0, 0, '', '', '', '', '1', '', '', '', '', '', '', '', '', '', '', '', b'0', '2017-06-28', '0000-00-00', b'0', b'0', b'0'),
(121, 442, 0, 1, 18, 1, 1, 1, 0, 0, '0000-00-00', 'عمر', 'عمر', '0000-00-00 00:00:00', 'o+', '', 0, 0, '', '', '', '', '1', '', '', '', '', '', '', '', '', '', '', '', b'0', '2017-06-28', '0000-00-00', b'0', b'0', b'0'),
(122, 443, 0, 1, 18, 1, 1, 1, 0, 0, '0000-00-00', 'هاني', 'هاني', '0000-00-00 00:00:00', 'o+', '', 0, 0, '', '', '', '', '1', '', '', '', '', '', '', '', '', '', '', '', b'0', '2017-06-28', '0000-00-00', b'0', b'0', b'0'),
(123, 444, 0, 1, 18, 1, 1, 1, 0, 0, '0000-00-00', 'علي', 'علي', '0000-00-00 00:00:00', 'o+', '', 0, 0, '', '', '', '', '1', '', '', '', '', '', '', '', '', '', '', '', b'0', '2017-06-28', '0000-00-00', b'0', b'0', b'0'),
(124, 445, 0, 1, 18, 1, 1, 1, 0, 0, '0000-00-00', 'علي', 'علي', '0000-00-00 00:00:00', 'o+', '', 0, 0, '', '', '', '', '1', '', '', '', '', '', '', '', '', '', '', '', b'0', '2017-06-28', '0000-00-00', b'0', b'0', b'0'),
(125, 446, 0, 1, 18, 1, 1, 1, 0, 0, '0000-00-00', 'علي', 'علي', '0000-00-00 00:00:00', 'o+', '', 0, 0, '', '', '', '', '1', '', '', '', '', '', '', '', '', '', '', '', b'0', '2017-06-28', '0000-00-00', b'0', b'0', b'0'),
(126, 447, 0, 1, 18, 1, 1, 1, 0, 0, '0000-00-00', 'علي', 'لللللل', '0000-00-00 00:00:00', 'o+', '', 0, 0, '', '', '', '', '1', '', '', '', '', '', '', '', '', '', '', '', b'0', '2017-06-28', '0000-00-00', b'0', b'0', b'0'),
(127, 448, 0, 1, 18, 1, 1, 1, 0, 0, '0000-00-00', 'تتتتتت', 'تتتتتتتتتتت', '0000-00-00 00:00:00', 'o+', '', 0, 0, '', '', '', '', '1', '', '', '', '', '', '', '', '', '', '', '', b'0', '2017-06-28', '0000-00-00', b'0', b'0', b'0'),
(128, 449, 0, 1, 18, 1, 1, 1, 0, 0, '0000-00-00', 'يييييييي', 'سييييييييي', '0000-00-00 00:00:00', 'o+', '', 0, 0, '', '', '', '', '1', '', '', '', '', '', '', '', '', '', '', '', b'0', '2017-06-28', '0000-00-00', b'0', b'0', b'0'),
(129, 450, 0, 1, 18, 1, 1, 1, 0, 0, '0000-00-00', 'تتتت', 'تتتتتتتت', '0000-00-00 00:00:00', 'o+', '', 0, 0, '', '', '', '', '1', '', '', '', '', '', '', '', '', '', '', '', b'0', '2017-06-28', '0000-00-00', b'0', b'0', b'0'),
(130, 451, 0, 1, 18, 1, 1, 1, 0, 0, '0000-00-00', 'ن', 'ن', '0000-00-00 00:00:00', 'o+', '', 0, 0, '', '', '', '', '1', '', '', '', '', '', '', '', '', '', '', '', b'0', '2017-06-28', '0000-00-00', b'0', b'0', b'0'),
(131, 452, 0, 1, 18, 1, 1, 1, 0, 0, '0000-00-00', 'نن', 'ننننن', '0000-00-00 00:00:00', 'o+', '', 0, 0, '', '', '', '', '1', '', '', '', '', '', '', '', '', '', '', '', b'0', '2017-06-28', '0000-00-00', b'0', b'0', b'0'),
(132, 453, 0, 1, 18, 1, 1, 1, 0, 0, '0000-00-00', 'نن', 'نن', '0000-00-00 00:00:00', 'o+', '', 0, 0, '', '', '', '', '1', '', '', '', '', '', '', '', '', '', '', '', b'0', '2017-06-28', '0000-00-00', b'0', b'0', b'0'),
(133, 454, 0, 1, 18, 1, 1, 1, 0, 0, '0000-00-00', 'ممممممممممم', 'ممممممممم', '0000-00-00 00:00:00', 'o+', '', 0, 0, '', '', '', '', '1', '', '', '', '', '', '', '', '', '', '', '', b'0', '2017-06-28', '0000-00-00', b'0', b'0', b'0'),
(134, 455, 0, 1, 18, 1, 1, 1, 0, 0, '0000-00-00', 'jjjjj', 'jjjjjjjjjj', '0000-00-00 00:00:00', 'o+', '', 0, 0, '', '', '', '', '1', '', '', '', '', '', '', '', '', '', '', '', b'0', '2017-06-29', '0000-00-00', b'0', b'0', b'0'),
(135, 456, 0, 1, 18, 1, 1, 1, 0, 0, '0000-00-00', 'علي', 'انور', '0000-00-00 00:00:00', 'o+', '', 0, 0, '', '777777777ع770', '', '', '1', '', 'salahco2013@gmail.com', '', '', '', '', '', '', '', '', '', b'0', '2017-06-29', '2017-07-02', b'0', b'0', b'0'),
(136, 457, 0, 1, 18, 1, 1, 0, 0, 0, '0000-00-00', 'hhhh', 'hhhhhhhhhhhh', '0000-00-00 00:00:00', 'o+', 'aden', 0, 0, 'taize', '733696775', '', 'jjjjjjjj', '1', '', 'sak@g.com', '', 'aden', '', '', '', '', '', '', '', b'0', '2017-06-29', '2017-07-03', b'0', b'0', b'0'),
(137, 458, 0, 1, 18, 1, 1, 1, 0, 0, '2017-07-12', 'ali', 'ali', '0000-00-00 00:00:00', 'o+', '', 0, 0, '', '', '', '', '1', '', 'sak@g.com', '', '', '', '', '', '', '', '', '', b'0', '2017-07-06', '2017-07-07', b'0', b'0', b'0'),
(138, 459, 0, 1, 18, 1, 1, 1, 0, 0, '2017-07-15', 'amr', 'dbwan', '0000-00-00 00:00:00', 'o+', '', 0, 0, '', '', '', '', '1', '', '', '', '', '', '', '', '', '', '', '', b'0', '2017-07-06', '0000-00-00', b'0', b'0', b'0'),
(139, 460, 0, 1, 18, 1, 1, 1, 0, 0, '0000-00-00', 'عدي', 'الامير', '0000-00-00 00:00:00', 'o+', '', 0, 0, '', '', '', '', '1', '', 'salahco2013@gmail.com', '', '', '', '', '', '', '', '', '', b'0', '2017-07-06', '0000-00-00', b'0', b'0', b'0'),
(140, 461, 0, 1, 18, 1, 1, 1, 0, 0, '0000-00-00', 'محمد', 'هادي', '0000-00-00 00:00:00', 'o+', '', 0, 0, '', '', '', '', '1', '', '', '', '', '', '', '', '', '', '', '', b'0', '2017-07-06', '0000-00-00', b'0', b'0', b'0'),
(141, 462, 0, 1, 18, 1, 1, 1, 0, 0, '0000-00-00', 'علي', 'دبوان', '0000-00-00 00:00:00', 'o+', '', 0, 0, '', '', '', '', '1', '', '', '', '', '', '', '', '', '', '', '', b'0', '2017-07-06', '0000-00-00', b'0', b'0', b'0'),
(142, 463, 0, 1, 18, 1, 1, 1, 0, 0, '0000-00-00', 'تتتتتتت', 'تتتتتتتتت', '0000-00-00 00:00:00', 'o+', '', 0, 0, '', '', '', '', '1', '', '', '', '', '', '', '', '', '', '', '', b'0', '2017-07-06', '0000-00-00', b'0', b'0', b'0'),
(143, 464, 0, 1, 18, 1, 1, 1, 0, 0, '0000-00-00', 'kkkkkkkk', 'kkkkkkkkkkkkk', '0000-00-00 00:00:00', 'o+', '', 0, 0, '', '', '', '', '1', '', '', '', '', '', '', '', '', '', '', '', b'0', '2017-07-06', '0000-00-00', b'0', b'0', b'0'),
(144, 465, 0, 1, 18, 1, 1, 1, 0, 0, '0000-00-00', 'llll', 'llllllllll', '0000-00-00 00:00:00', 'o+', '', 0, 0, '', '', '', '', '1', '', '', '', '', '', '', '', '', '', '', '', b'0', '2017-07-06', '0000-00-00', b'0', b'0', b'0'),
(145, 466, 0, 1, 18, 1, 1, 1, 0, 0, '0000-00-00', 'jjjjjjjjjjj', 'jjjjjjjjjjjjjjjjj', '0000-00-00 00:00:00', 'o+', '', 0, 0, '', '', '', '', '1', '', '', '', '', '', '', '', '', '', '', '', b'0', '2017-07-06', '0000-00-00', b'0', b'0', b'0'),
(146, 467, 0, 1, 18, 1, 1, 1, 0, 0, '0000-00-00', 'jjjjjjjjjjjjjj', 'jjjjjjjjjjjjjjjjjjj', '0000-00-00 00:00:00', 'o+', '', 0, 0, '', '', '', '', '1', '', '', '', '', '', '', '', '', '', '', '', b'0', '2017-07-06', '0000-00-00', b'0', b'0', b'0'),
(147, 468, 0, 1, 18, 1, 1, 1, 0, 0, '0000-00-00', 'kkkkkkkkkkkkkk', 'kkkkkkkkkkkkk', '0000-00-00 00:00:00', 'o+', '', 0, 0, '', '', '', '', '1', '', '', '', '', '', '', '', '', '', '', '', b'0', '2017-07-06', '0000-00-00', b'0', b'0', b'0'),
(148, 469, 0, 1, 18, 1, 1, 3, 0, 0, '0000-00-00', 'kkkkkkkkkkkk', 'kkkkkkkkkkkk', '0000-00-00 00:00:00', 'A+', '', 0, 0, '', '', '', '', '1', '', '', '', '', '', '', '', '', '', '', '', b'0', '2017-07-06', '0000-00-00', b'0', b'0', b'0'),
(149, 470, 0, 1, 18, 1, 1, 1, 0, 0, '0000-00-00', 'jjjjjjjjjjjjjjjjjj', 'jjjjjjjjjjjjjjjjjjjjjj', '0000-00-00 00:00:00', 'o+', '', 0, 0, '', '', '', '', '1', '', '', '', '', '', '', '', '', '', '', '', b'0', '2017-07-07', '0000-00-00', b'0', b'0', b'0'),
(150, 471, 0, 1, 18, 1, 1, 1, 0, 0, '2017-07-11', 'new', 'new', '2017-01-01 00:00:00', 'o+', 'taize', 0, 0, 'yemen', '733696444', 'arabic', 'yemen', '1', 'muslim', 'sak@g.com', '', 'taiz', '', '', '', '', '', '', '', b'0', '2017-07-07', '0000-00-00', b'0', b'0', b'0'),
(151, 472, 0, 1, 18, 1, 1, 1, 0, 0, '0000-00-00', 'jjjjjffffffjjjj', 'lk', '0000-00-00 00:00:00', 'o+', '', 0, 0, '', '333333333333', '', '', '1', '', 'salahco2013@gmail.com', '', '', '', '', '', '', '', '', '', b'0', '2017-07-07', '2017-07-08', b'0', b'0', b'0'),
(152, 473, 0, 1, 18, 1, 1, 1, 0, 0, '0000-00-00', 'ggggggg', 'gggggggggggg', '0000-00-00 00:00:00', 'o+', '', 0, 0, '', '', '', '', '1', '', '', '', '', '', '', '', '', '', '', '', b'0', '2017-07-08', '0000-00-00', b'0', b'0', b'0'),
(153, 474, 0, 1, 18, 1, 1, 1, 0, 0, '2017-07-05', 'hhhhhh', 'hhhhhhhhhhh', '0000-00-00 00:00:00', 'o+', '', 0, 0, '', '', '', '', '1', '', '', '', '', '', '', '', '', '', '', '', b'0', '2017-07-08', '0000-00-00', b'0', b'0', b'0'),
(154, 475, 0, 1, 18, 1, 1, 1, 0, 0, '0000-00-00', 'kkkkk', 'kkkkkk', '0000-00-00 00:00:00', 'o+', '', 0, 0, '', '', '', '', '1', '', '', '', '', '', '', '', '', '', '', '', b'0', '2017-07-08', '0000-00-00', b'0', b'0', b'0'),
(155, 476, 0, 1, 18, 1, 1, 1, 0, 0, '0000-00-00', 'salah', 'sabry', '0000-00-00 00:00:00', 'o+', '', 0, 0, '', '', '', '', '1', '', '', '', '', '', '', '', '', '', '', '', b'0', '2017-07-09', '0000-00-00', b'0', b'0', b'0'),
(156, 477, 0, 1, 18, 1, 1, 1, 0, 0, '0000-00-00', 'jjjjjjjjjjjjj', 'jjjjjjjjjjjjjjj', '0000-00-00 00:00:00', 'o+', '', 0, 0, '', '', '', '', '1', '', '', '', '', '', '', '', '', '', '', '', b'0', '2017-07-09', '0000-00-00', b'0', b'0', b'0'),
(157, 478, 0, 1, 18, 1, 1, 1, 0, 0, '0000-00-00', 'kkkkkkkk', 'kkkkkkkk', '0000-00-00 00:00:00', 'o+', '', 0, 0, '', '', '', '', '1', '', '', '', '', '', '', '', '', '', '', '', b'0', '2017-07-09', '0000-00-00', b'0', b'0', b'0'),
(158, 479, 0, 1, 18, 1, 1, 1, 0, 0, '0000-00-00', 'kkkkkk', 'kkkkkkkkk', '0000-00-00 00:00:00', 'o+', '', 0, 0, '', '', '', '', '1', '', '', '', '', '', '', '', '', '', '', '', b'0', '2017-07-09', '0000-00-00', b'0', b'0', b'0'),
(159, 480, 0, 1, 18, 1, 1, 1, 0, 0, '0000-00-00', 'kjjjjjjjjjj', 'jjjjjjj', '0000-00-00 00:00:00', 'o+', '', 0, 0, '', '', '', '', '1', '', '', '', '', '', '', '', '', '', '', '', b'0', '2017-07-09', '0000-00-00', b'0', b'0', b'0'),
(160, 481, 0, 1, 18, 1, 1, 1, 0, 0, '0000-00-00', 'jjjjjjjjjjj', 'jjjjjjjjjjjjjj', '0000-00-00 00:00:00', 'o+', '', 0, 0, '', '', '', '', '1', '', '', '', '', '', '', '', '', '', '', '', b'0', '2017-07-09', '0000-00-00', b'0', b'0', b'0'),
(161, 482, 0, 1, 18, 1, 1, 1, 0, 0, '0000-00-00', 'kkkkkkkkkk', 'kkkkkkkkkkkk', '0000-00-00 00:00:00', 'o+', '', 0, 0, '', '', '', '', '1', '', '', '', '', '', '', '', '', '', '', '', b'0', '2017-07-09', '0000-00-00', b'0', b'0', b'0'),
(162, 483, 0, 1, 18, 1, 1, 1, 0, 0, '0000-00-00', 'kkkkkkkkkk', 'kkkkkkkkkkk', '0000-00-00 00:00:00', 'o+', '', 0, 0, '', '', '', '', '1', '', '', '', '', '', '', '', '', '', '', '', b'0', '2017-07-09', '0000-00-00', b'0', b'0', b'0'),
(163, 484, 0, 1, 18, 1, 1, 1, 0, 0, '0000-00-00', 'jjjjjjjjjj', 'jjjjjjjjj', '0000-00-00 00:00:00', 'o+', '', 0, 0, '', '', '', '', '1', '', '', '', '', '', '', '', '', '', '', '', b'0', '2017-07-09', '0000-00-00', b'0', b'0', b'0'),
(164, 485, 0, 1, 18, 1, 1, 1, 0, 0, '0000-00-00', 'kkkkkkkkkkkkk', 'kkkkkkkkk', '0000-00-00 00:00:00', 'o+', '', 0, 0, '', '', '', '', '1', '', '', '', '', '', '', '', '', '', '', '', b'0', '2017-07-09', '0000-00-00', b'0', b'0', b'0'),
(165, 486, 0, 1, 18, 1, 1, 1, 0, 0, '0000-00-00', 'jjjjjjjjjj', 'jjjjjjjjjjjjjjjjjj', '0000-00-00 00:00:00', 'o+', '', 0, 0, '', '', '', '', '1', '', '', '', '', '', '', '', '', '', '', '', b'0', '2017-07-09', '0000-00-00', b'0', b'0', b'0'),
(166, 487, 0, 1, 18, 1, 1, 1, 0, 0, '0000-00-00', 'kkkkkk', 'kkkkkkkk', '0000-00-00 00:00:00', 'o+', '', 0, 0, '', '', '', '', '1', '', '', '', '', '', '', '', '', '', '', '', b'0', '2017-07-09', '0000-00-00', b'0', b'0', b'0'),
(167, 488, 0, 1, 18, 1, 1, 1, 0, 0, '0000-00-00', 'llllllllll', 'llllllllll', '0000-00-00 00:00:00', 'o+', '', 0, 0, '', '', '', '', '1', '', '', '', '', '', '', '', '', '', '', '', b'0', '2017-07-09', '0000-00-00', b'0', b'0', b'0'),
(168, 489, 0, 1, 18, 1, 1, 1, 0, 0, '0000-00-00', 'lllllllll', 'lllllllll', '0000-00-00 00:00:00', 'o+', '', 0, 0, '', '', '', '', '1', '', '', '', '', '', '', '', '', '', '', '', b'0', '2017-07-09', '0000-00-00', b'0', b'0', b'0'),
(169, 490, 0, 1, 18, 1, 1, 1, 0, 0, '0000-00-00', 'gggggggg', 'ggggggg', '0000-00-00 00:00:00', 'o+', '', 0, 0, '', '', '', '', '1', '', '', '', '', '', '', '', '', '', '', '', b'0', '2017-07-12', '0000-00-00', b'0', b'0', b'0'),
(170, 491, 0, 1, 18, 1, 1, 1, 0, 0, '2017-07-05', 'kkkkkkkkkkkk', 'kkkkkkkkkk', '0000-00-00 00:00:00', 'o+', '', 0, 0, '', '', '', '', '1', '', '', '', '', '', '', '', '', '', '', '', b'0', '2017-07-12', '0000-00-00', b'0', b'0', b'0'),
(171, 492, 0, 1, 18, 1, 1, 1, 0, 0, '0000-00-00', 'jjjjjjjjjj', 'jjjjj', '0000-00-00 00:00:00', 'o+', '', 0, 0, '', '', '', '', '1', '', '', '', '', '', '', '', '', '', '', '', b'0', '2017-07-12', '0000-00-00', b'0', b'0', b'0'),
(172, 493, 0, 1, 18, 1, 1, 1, 0, 0, '0000-00-00', 'kkkkkkkkkk', 'kkkkkkkk', '0000-00-00 00:00:00', 'o+', '', 0, 0, '', '', '', '', '1', '', '', '', '', '', '', '', '', '', '', '', b'0', '2017-07-18', '0000-00-00', b'0', b'0', b'0'),
(173, 494, 0, 1, 18, 1, 1, 1, 0, 0, '0000-00-00', 'jjjjjjjjjjjjjjjj', 'jjjjjjjjjjjjjjjjjjjjj', '0000-00-00 00:00:00', 'o+', '', 0, 0, '', '', '', '', '1', '', '', '', '', '', '', '', '', '', '', '', b'0', '2017-07-20', '0000-00-00', b'0', b'0', b'0'),
(174, 495, 0, 1, 18, 1, 1, 1, 0, 0, '0000-00-00', 'hhhhhhhhhhhhh', 'hhhhhhhhhhhhhhh', '0000-00-00 00:00:00', 'o+', '', 0, 0, '', '', '', '', '1', '', '', '', '', '', '', '', '', '', '', '', b'0', '2017-07-20', '0000-00-00', b'0', b'0', b'0'),
(175, 496, 0, 1, 18, 1, 1, 1, 0, 0, '0000-00-00', 'jjjjjjjj', 'jjjjjjjjjjjjjjjj', '0000-00-00 00:00:00', 'o+', '', 0, 0, '', '', '', '', '1', '', '', '', '', '', '', '', '', '', '', '', b'0', '2017-07-20', '0000-00-00', b'0', b'0', b'0'),
(176, 497, 0, 1, 18, 1, 1, 1, 0, 0, '0000-00-00', 'jjjjjjjjjjjj', 'jjjjjjjjjjjjjjjj', '0000-00-00 00:00:00', 'o+', '', 0, 0, '', '', '', '', '1', '', '', '', '', '', '', '', '', '', '', '', b'0', '2017-07-20', '0000-00-00', b'0', b'0', b'0'),
(177, 498, 0, 1, 18, 1, 1, 1, 0, 0, '0000-00-00', 'jjjjjjjjjjjjjj', 'jjjjjjjjjjj', '0000-00-00 00:00:00', 'o+', '', 0, 0, '', '', '', '', '1', '', '', '', '', '', '', '', '', '', '', '', b'0', '2017-08-09', '0000-00-00', b'0', b'0', b'0'),
(178, 499, 0, 1, 18, 1, 1, 1, 0, 0, '2017-08-08', 'صلاح محمد', 'الصبري', '0000-00-00 00:00:00', 'o+', '', 0, 0, '', '', '', '', '1', '', '', '', '', '', '', '', '', '', '', '', b'0', '2017-08-09', '0000-00-00', b'0', b'0', b'0'),
(179, 500, 0, 1, 18, 1, 1, 1, 0, 0, '0000-00-00', 'try', 'try', '0000-00-00 00:00:00', 'o+', '', 0, 0, '', '', '', '', '1', '', '', '', '', '', '', '', '', '', '', '', b'0', '2017-08-19', '0000-00-00', b'0', b'0', b'0'),
(180, 501, 0, 1, 18, 1, 1, 1, 0, 0, '0000-00-00', 'gggggggggg', 'ggggggggggggggg', '0000-00-00 00:00:00', '0', '', 0, 0, '', '', '', '', '1', '', '', '', '', '', '', '', '', '', '', '', b'0', '2017-08-19', '0000-00-00', b'0', b'0', b'0'),
(181, 502, 0, 1, 18, 1, 1, 1, 0, 0, '0000-00-00', 'kkkkkkkkkkkkkkkkk', 'kkkkkkkkk', '0000-00-00 00:00:00', 'o+', '', 0, 0, '', '', '', '', '1', '', '', '', '', '', '', '', '', '', '', '', b'0', '2017-08-19', '0000-00-00', b'0', b'0', b'0'),
(182, 503, 0, 1, 18, 1, 1, 2, 0, 0, '0000-00-00', 'dddddddddd', 'dddddddd', '0000-00-00 00:00:00', 'o+', '', 0, 0, '', '', '', '', '1', '', '', '', '', '', '', '', '', '', '', '', b'0', '2017-08-19', '0000-00-00', b'0', b'0', b'0'),
(183, 504, 0, 1, 18, 1, 1, 1, 0, 0, '0000-00-00', 'jjjjjjjjjj', 'jjjjjjjjjjjj', '0000-00-00 00:00:00', 'o+', '', 0, 0, '', '', '', '', '1', '', '', '', '', '', '', '', '', '', '', '', b'0', '2017-08-19', '0000-00-00', b'0', b'0', b'0'),
(184, 505, 0, 1, 18, 1, 1, 1, 0, 0, '0000-00-00', 'jjjjjjjjjjjjjj', 'jjjjjjjjjjjjj', '0000-00-00 00:00:00', 'o+', '', 0, 0, '', '', '', '', '1', '', '', '', '', '', '', '', '', '', '', '', b'0', '2017-08-19', '0000-00-00', b'0', b'0', b'0'),
(185, 506, 0, 1, 18, 1, 1, 1, 0, 0, '0000-00-00', 'jjjjjjjjjjj', 'jjjjjjjjjjjjjjjjj', '0000-00-00 00:00:00', 'o+', '', 0, 0, '', '', '', '', '1', '', '', '', '', '', '', '', '', '', '', '', b'0', '2017-08-19', '0000-00-00', b'0', b'0', b'0'),
(186, 507, 0, 1, 1, 2, 1, 1, 0, 0, '2009-07-05', 'abdullah', 'hhhhhh', '1994-04-05 00:00:00', 'o+', 'taiz', 0, 0, '', '', 'arabic', 'yemani', '1', 'moslem', 'abdullah@hot.com', '', 'taiz', '', '', '', '', '', '', '', b'0', '2017-08-24', '0000-00-00', b'0', b'0', b'0'),
(187, 508, 0, 1, 18, 1, 1, 7, 0, 0, '0000-00-00', 'abdullah', 'farhan', '0000-00-00 00:00:00', 'o+', '', 0, 0, '', '', '', '', '1', '', '', '', '', '', '', '', '', '', '', '', b'0', '2018-03-31', '0000-00-00', b'0', b'0', b'0'),
(188, 509, 0, 1, 1, 2, 1, 1, 0, 0, '0000-00-00', 'saif faid saif naser', 'alshamiri', '0000-00-00 00:00:00', 'o+', 'taiz', 0, 0, 'hajdah', '887654321', 'arabic', 'yemani', '1', 'moslem', 'sai66666f@hotmail.com', '', 'taiz', '', '', '', '', '', '', '', b'0', '2018-04-18', '2018-04-18', b'0', b'0', b'0'),
(189, 510, 0, 1, 18, 1, 1, 2, 0, 0, '0000-00-00', 'hhhhhhhhhhh', 'mmmmmmmmmmmmm', '0000-00-00 00:00:00', 'o+', 'h', 0, 0, 'yyy', '67890', 'h', 'd', '1', 'l', 'abdullah220@hotmail.com', '', 'ju.', '', '', '', '', '', '', '', b'0', '2018-12-10', '0000-00-00', b'0', b'0', b'0');

-- --------------------------------------------------------

--
-- Table structure for table `studentadditionaldetail`
--

CREATE TABLE IF NOT EXISTS `studentadditionaldetail` (
  `Id` int(10) NOT NULL AUTO_INCREMENT,
  `student_id` int(10) NOT NULL,
  `additional_field_id` int(10) NOT NULL,
  `additional_info` varchar(255) NOT NULL,
  PRIMARY KEY (`Id`)
) ENGINE=InnoDB DEFAULT CHARSET=utf8 AUTO_INCREMENT=1 ;

--
-- Dumping data for table `studentadditionaldetail`
--


-- --------------------------------------------------------

--
-- Table structure for table `studentadditionalfield`
--

CREATE TABLE IF NOT EXISTS `studentadditionalfield` (
  `Id` int(10) NOT NULL AUTO_INCREMENT,
  `name` varchar(255) NOT NULL,
  `status` bit(10) NOT NULL DEFAULT b'0',
  PRIMARY KEY (`Id`)
) ENGINE=InnoDB DEFAULT CHARSET=utf8 AUTO_INCREMENT=1 ;

--
-- Dumping data for table `studentadditionalfield`
--


-- --------------------------------------------------------

--
-- Table structure for table `studentcategory`
--

CREATE TABLE IF NOT EXISTS `studentcategory` (
  `Id` int(10) NOT NULL AUTO_INCREMENT,
  `name` varchar(255) NOT NULL,
  `is_deleted` bit(10) NOT NULL DEFAULT b'0',
  PRIMARY KEY (`Id`)
) ENGINE=InnoDB  DEFAULT CHARSET=utf8 AUTO_INCREMENT=8 ;

--
-- Dumping data for table `studentcategory`
--

INSERT INTO `studentcategory` (`Id`, `name`, `is_deleted`) VALUES
(1, 'Ù†Ø¸Ø§Ù…ÙŠ', b'0000000000'),
(2, 'Ù†ÙÙ‚Ø© Ø®Ø§ØµØ©', b'0000000000'),
(3, 'Ù…Ø¹Ø§Ù‚ÙŠÙ†', b'0000000000'),
(7, 'publidc', b'0000000000');

-- --------------------------------------------------------

--
-- Table structure for table `studentpreviousdata`
--

CREATE TABLE IF NOT EXISTS `studentpreviousdata` (
  `Id` int(10) NOT NULL AUTO_INCREMENT,
  `student_id` int(10) NOT NULL,
  `institution` varchar(255) NOT NULL,
  `year` varchar(255) NOT NULL,
  `average` varchar(255) NOT NULL,
  `document` varchar(255) NOT NULL,
  `total_mark` varchar(255) NOT NULL,
  `address` varchar(255) NOT NULL,
  PRIMARY KEY (`Id`)
) ENGINE=InnoDB  DEFAULT CHARSET=utf8 AUTO_INCREMENT=53 ;

--
-- Dumping data for table `studentpreviousdata`
--

INSERT INTO `studentpreviousdata` (`Id`, `student_id`, `institution`, `year`, `average`, `document`, `total_mark`, `address`) VALUES
(1, 11, 'yemen', '2012', '', '', '800', 'altorba'),
(2, 11, 'yemen', '2012', '', '', '800', 'altorba'),
(3, 10, 'alnnor', '2006', '', '', '700', 'hajdaah'),
(4, 28, 'guagraph', '4999', '100', '', '788', 'st-mm'),
(5, 32, 'الشعب ', '2007', '99', '', '798', 'تعز - الحوض'),
(6, 33, 'gtrees', '2109', '999999999999', '', '898', 'llloiu'),
(7, 35, 'alnoor', '2005', '99', '', '', 'taiz'),
(8, 35, 'alnoor', '2005', '99', '', '', 'taiz'),
(9, 35, 'alnoor', '2005', '99', '', '', 'taiz'),
(10, 35, 'alnoor', '2005', '99', '', '', 'taiz'),
(11, 35, 'alnoor', '2005', '99', '', '', 'taiz'),
(12, 35, 'alnoor', '2005', '99', '', '', 'taiz'),
(13, 35, 'alnoor', '2005', '99', '', '', 'taiz'),
(14, 36, '', '', '', '', '', ''),
(15, 36, '', '', '', '', '', ''),
(16, 37, 'mooo', '2009', '90', '', '88888', 'gggggggggggggggg'),
(17, 38, '', '', '', '', '', ''),
(18, 39, 'ahlam mestghnami', '2011', '1000', '', '800', 'ibb'),
(19, 40, 'hajer', '2009', '99', '', '1000', 'almosheky'),
(20, 42, 'adfd', '2003', '455', '', '99', 'edg'),
(21, 43, 'hhhhhhhhh', '29877', '678', '4 - صور 4*6\r\nاستمارة ثالث ثانوي \r\n', '877', 'gggggggg'),
(22, 45, 'ddddddddd', '2131', '99', '99999999999999999999', '999', 'dddddddd'),
(23, 52, 'jjjjjjjjjjjjjjjj', '1999-9-9', '88', '', '888', 'ffffffffffffffffffffffffffff'),
(24, 53, 'hhhhhhhhhh', '2017', '99', '\r\n', '800', 'hhhhhhhhhhhh'),
(25, 54, 'ddddddd', '2000', '88', '', '888', 'ssssssss'),
(26, 56, 'fffffff', '2017', '88', '', '888', 'kkkkkkkkkkk'),
(27, 57, 'هههههههه', '2017', '88', '', '888', 'ننننننن'),
(28, 58, 'تتتتت', '2013', '77', '\r\n', '88', 'تتتتتتتتت'),
(29, 59, 'يييييييييي', 'سسسسسسسسسسسس', '55', '', '555', 'ثثثثثث'),
(30, 60, 'سيييييي', 'ييييييي', '55', '', '555', 'ييييييييي'),
(31, 136, '26', '2012', '99', 'KKKKK', '', 'TAIZ'),
(32, 106, '26', '2014', '90', 'kkkkkkkkkk\r\n', '999', 'taize'),
(33, 102, '26', '2016', '99', 'kkkkkkk', '999', 'taize'),
(34, 70, '26', 'aden', '88', '', '888', 'taze'),
(35, 137, '28', '2017', '80', 'no thing', '800', 'taiz'),
(36, 142, 'سسسسسسسسسسس', '55555', '88', '\r\n\r\n', '555', 'تتتتتتتت'),
(37, 146, 'fffffffff', '2000', '88', '', '888', 'jjjjjjjj'),
(38, 150, 'jjjjj', '222222', '88', '', '888', 'jjjjj'),
(39, 151, 'jjjjjjjjjjjd', 'sssssssss', '', '', '', 'jjjjjjjjj'),
(40, 149, 'hhhhhhhh', 'hhhhhhhhh', '77', 'jjjjjjjjjj', '777', 'hhhhhhhh'),
(41, 153, 'ssssssssss', '2222', '88', '88888888', '888', 'sssss'),
(42, 165, 'hhhhhhh', '2001', '88', '', '888', 'taizjjjjj'),
(43, 165, 'hhhhhhh', '2001', '88', '', '888', 'taizjjjjj'),
(44, 165, 'hhhhhhh', '2001', '88', '', '888', 'taizjjjjj'),
(45, 165, 'hhhhhhh', '2001', '88', '', '888', 'taizjjjjj'),
(46, 165, 'hhhhhhh', '2001', '88', '', '888', 'taizjjjjj'),
(47, 165, 'hhhhhhh', '2001', '88', '', '888', 'taizjjjjj'),
(48, 165, 'hhhhhhh', '2001', '88', '', '888', 'taizjjjjj'),
(49, 165, 'hhhhhhh', '2001', '88', '', '888', 'taizjjjjj'),
(50, 167, '55555', '5555', '88', '', '888', '55555555'),
(51, 169, 'hhhhhhhhh', 'dddddd', '99', '', '999', 'uuuuuuu'),
(52, 178, 'مممممممممممم', 'ييييييييي', '500', '\r\nسسسسسسسسسسس\r\n\r\n', '690', 'نننننننننننن');

-- --------------------------------------------------------

--
-- Table structure for table `studentprevioussubjectmark`
--

CREATE TABLE IF NOT EXISTS `studentprevioussubjectmark` (
  `Id` int(10) NOT NULL AUTO_INCREMENT,
  `student_id` int(10) NOT NULL,
  `subject_id` int(10) NOT NULL,
  `mark` float NOT NULL,
  PRIMARY KEY (`Id`),
  KEY `std_sasm` (`student_id`)
) ENGINE=MyISAM DEFAULT CHARSET=utf8 AUTO_INCREMENT=1 ;

--
-- Dumping data for table `studentprevioussubjectmark`
--


-- --------------------------------------------------------

--
-- Table structure for table `subject`
--

CREATE TABLE IF NOT EXISTS `subject` (
  `Id` int(10) NOT NULL AUTO_INCREMENT,
  `name` varchar(255) NOT NULL,
  `code` varchar(255) NOT NULL,
  `no_hour` int(10) NOT NULL,
  `department_id` int(10) NOT NULL,
  `course_id` int(10) NOT NULL,
  `level_id` int(10) NOT NULL,
  `term_id` int(10) NOT NULL,
  `is_deleted` bit(1) NOT NULL DEFAULT b'0',
  `created_at` date NOT NULL,
  `update_at` date NOT NULL,
  PRIMARY KEY (`Id`),
  KEY `subject_department` (`department_id`),
  KEY `subject_level` (`level_id`),
  KEY `subject_course` (`course_id`),
  KEY `subject_term` (`term_id`)
) ENGINE=InnoDB  DEFAULT CHARSET=utf8 AUTO_INCREMENT=69 ;

--
-- Dumping data for table `subject`
--

INSERT INTO `subject` (`Id`, `name`, `code`, `no_hour`, `department_id`, `course_id`, `level_id`, `term_id`, `is_deleted`, `created_at`, `update_at`) VALUES
(9, 'c++', '++c', 2, 1, 1, 2, 1, b'0', '2017-05-24', '2017-05-24'),
(11, 'مبادئ محاسبة', 'مح', 2, 1, 1, 1, 2, b'0', '2017-05-24', '2017-05-24'),
(21, 'جافا', 'ج ف', 3, 1, 1, 2, 3, b'0', '2017-05-25', '0000-00-00'),
(22, 'احتمالات', 'ا ح', 3, 1, 1, 2, 3, b'0', '2017-05-25', '0000-00-00'),
(23, 'فيزياء عامة', 'فيز', 2, 1, 1, 1, 2, b'0', '2017-05-25', '0000-00-00'),
(24, 'opop', 'opop', 2, 1, 1, 1, 1, b'0', '2017-05-25', '0000-00-00'),
(26, 'رياضيات 2', 'M2', 3, 1, 1, 1, 2, b'0', '2017-05-25', '0000-00-00'),
(27, 'دوائر كهربائية', 'ph2', 3, 1, 1, 1, 2, b'0', '2017-05-25', '0000-00-00'),
(28, 'هياكل بيانات', 'ه ب', 3, 1, 1, 2, 3, b'0', '2017-05-25', '0000-00-00'),
(29, 'رياضيات', 'ر1', 3, 1, 1, 1, 1, b'0', '2017-05-26', '0000-00-00'),
(42, 'لغة عربية', 'عربي', 2, 1, 1, 1, 1, b'0', '2017-06-06', '0000-00-00'),
(43, 'ثقافة اسلامية', 'إس', 2, 1, 1, 1, 1, b'0', '2017-06-06', '0000-00-00'),
(44, 'انجليزي1', 'E', 2, 1, 1, 1, 1, b'0', '2017-06-06', '0000-00-00'),
(45, 'سي بلس 2', 'سي', 2, 1, 1, 1, 2, b'0', '2017-06-06', '0000-00-00'),
(46, 'مقدمة حاسوب2', ' م ح', 3, 1, 1, 1, 2, b'0', '2017-06-06', '0000-00-00'),
(47, 'كيمياء عضوية', 'كم', 3, 2, 74, 1, 1, b'0', '2017-06-07', '0000-00-00'),
(48, 'احياء', 'احياء', 3, 2, 74, 1, 1, b'0', '2017-06-07', '0000-00-00'),
(49, 'فيزياء', 'ف', 2, 2, 74, 1, 1, b'0', '2017-06-07', '0000-00-00'),
(50, 'حشرات', 'ح', 3, 2, 74, 1, 1, b'0', '2017-06-07', '0000-00-00'),
(51, 'زواحف', 'ز', 4, 2, 74, 1, 1, b'0', '2017-06-07', '0000-00-00'),
(52, 'فيزياء1', 'ف1', 3, 1, 1, 1, 1, b'0', '2017-06-08', '0000-00-00'),
(55, 'مقدمه حاسوب1', 'م ح', 3, 1, 1, 1, 1, b'0', '2017-06-15', '0000-00-00'),
(56, 'مبادئ ادارة', 'م ا', 2, 1, 1, 2, 3, b'0', '2017-06-21', '0000-00-00'),
(57, 'انجليزي 3', 'ان', 2, 1, 1, 2, 3, b'0', '2017-06-21', '0000-00-00'),
(58, 'يرمجة شيئية 2', 'ب ش', 2, 1, 1, 2, 3, b'0', '2017-06-21', '0000-00-00'),
(59, 'رياضيات متقطعة', 'ر ق', 2, 1, 1, 2, 3, b'0', '2017-06-21', '0000-00-00'),
(60, 'تصميم رقمي', 'ت ر', 3, 1, 1, 2, 3, b'0', '2017-06-21', '0000-00-00'),
(61, 'تنظيم ومعالجة الملفات', 'ت م', 3, 1, 1, 1, 2, b'0', '2017-06-21', '0000-00-00'),
(62, 'رياضيات4', 'ر4', 2, 1, 1, 2, 4, b'0', '2017-06-21', '0000-00-00'),
(63, 'تحليل عددي', 'ت ع', 2, 1, 1, 2, 4, b'0', '2017-06-21', '0000-00-00'),
(64, 'لغة تجميع', 'ل ت', 3, 1, 1, 2, 4, b'0', '2017-06-21', '0000-00-00'),
(65, 'جافا 2', 'ج2', 2, 1, 1, 2, 4, b'0', '2017-06-21', '0000-00-00'),
(66, 'تصميم رقمي2 ', 'ت ق2', 3, 1, 1, 2, 4, b'0', '2017-06-21', '0000-00-00'),
(67, 'dt3', '5', 5, 1, 1, 3, 5, b'0', '2017-07-03', '0000-00-00'),
(68, 'متقطعه', 'سسس', 3, 1, 1, 1, 2, b'0', '2017-08-21', '0000-00-00');

-- --------------------------------------------------------

--
-- Table structure for table `subjectdirect`
--

CREATE TABLE IF NOT EXISTS `subjectdirect` (
  `Id` int(10) NOT NULL AUTO_INCREMENT,
  `name` varchar(255) NOT NULL,
  `code` varchar(255) NOT NULL,
  `no_hour` int(10) NOT NULL,
  `department_id` int(10) NOT NULL,
  `level_id` int(10) NOT NULL,
  `course_id` int(10) NOT NULL,
  `term_id` int(10) NOT NULL,
  `is_deleted` bit(1) NOT NULL,
  `created_at` date NOT NULL,
  `update_at` date NOT NULL,
  `subject_id` int(11) NOT NULL,
  `batch_id` int(11) NOT NULL,
  PRIMARY KEY (`Id`),
  KEY `subjectdirect_department` (`department_id`),
  KEY `subjectdirect_level` (`level_id`),
  KEY `subjectdirect_course` (`course_id`),
  KEY `subjectdirect_term` (`term_id`)
) ENGINE=InnoDB  DEFAULT CHARSET=utf8 AUTO_INCREMENT=18 ;

--
-- Dumping data for table `subjectdirect`
--

INSERT INTO `subjectdirect` (`Id`, `name`, `code`, `no_hour`, `department_id`, `level_id`, `course_id`, `term_id`, `is_deleted`, `created_at`, `update_at`, `subject_id`, `batch_id`) VALUES
(1, 'c++', '++c', 2, 1, 2, 1, 2, b'0', '2017-05-28', '0000-00-00', 0, 0),
(2, 'h', 'h', 2, 1, 2, 1, 3, b'0', '2017-05-29', '0000-00-00', 0, 0),
(3, 'h', 'h', 2, 1, 2, 1, 3, b'0', '2017-05-29', '0000-00-00', 0, 0),
(4, 'h', 'h', 2, 1, 2, 1, 3, b'0', '2017-05-29', '0000-00-00', 0, 0),
(12, 'رياضيات', 'ر1', 3, 1, 1, 1, 2, b'0', '2017-05-31', '0000-00-00', 29, 1),
(13, 'رياضيات', 'ر1', 3, 1, 1, 1, 2, b'0', '2017-05-31', '0000-00-00', 29, 1),
(14, 'رياضيات', 'ر1', 3, 1, 2, 1, 4, b'0', '2017-05-31', '0000-00-00', 29, 6),
(15, 'opop', 'opop', 2, 1, 2, 1, 3, b'0', '2017-08-23', '0000-00-00', 24, 1),
(16, 'رياضيات', 'ر1', 3, 1, 1, 1, 1, b'0', '2017-08-23', '0000-00-00', 29, 18),
(17, 'opop', 'opop', 2, 1, 3, 1, 6, b'0', '2017-08-26', '0000-00-00', 24, 19);

-- --------------------------------------------------------

--
-- Table structure for table `subjectwork`
--

CREATE TABLE IF NOT EXISTS `subjectwork` (
  `Id` int(10) NOT NULL AUTO_INCREMENT,
  `name` varchar(255) NOT NULL,
  `code` varchar(255) NOT NULL,
  `subject_id` int(10) NOT NULL,
  `is_deleted` bit(1) NOT NULL DEFAULT b'0',
  `created_at` date NOT NULL,
  `update_at` date NOT NULL,
  PRIMARY KEY (`Id`),
  KEY `subjectwork_subject` (`subject_id`)
) ENGINE=InnoDB  DEFAULT CHARSET=utf8 AUTO_INCREMENT=52 ;

--
-- Dumping data for table `subjectwork`
--

INSERT INTO `subjectwork` (`Id`, `name`, `code`, `subject_id`, `is_deleted`, `created_at`, `update_at`) VALUES
(33, 'فيزيا عملي1', 'فيز', 52, b'0', '2017-06-15', '0000-00-00'),
(34, 'معمل مقدمه حاسوب1', 'م ح1', 55, b'0', '2017-06-15', '0000-00-00'),
(35, 'فيزياء عملي2', 'ف ز', 23, b'0', '2017-06-15', '0000-00-00'),
(36, 'دوائر كهربائية معمل', 'د ك', 27, b'0', '2017-06-15', '0000-00-00'),
(37, 'معمل سي2', 'م س', 45, b'0', '2017-06-15', '0000-00-00'),
(38, 'معمل مقدمة حاسوب2', 'م ح2', 46, b'0', '2017-06-15', '0000-00-00'),
(39, 'جافا عملي1', 'ج ف', 21, b'0', '2017-06-21', '0000-00-00'),
(40, 'هياكل ملي1', 'ه ع', 28, b'0', '2017-06-21', '0000-00-00'),
(41, 'تصميم رقمي عملي', 'ت ر', 60, b'0', '2017-06-21', '0000-00-00'),
(42, 'برمجة شيئية عملي', 'ي', 58, b'0', '2017-06-21', '0000-00-00'),
(43, 'ملفات عملي', '2', 61, b'0', '2017-06-21', '0000-00-00'),
(44, 'لغة تجميع هملي', 'ل ت', 64, b'0', '2017-06-21', '0000-00-00'),
(45, 'جافا2 عملي', 'ح ع2', 65, b'0', '2017-06-21', '0000-00-00'),
(46, 'تصميم عملي 2', 'ت ع 2', 66, b'0', '2017-06-21', '0000-00-00'),
(51, 'saaaaaa', 'ssssssss', 67, b'0', '2017-07-03', '0000-00-00');

-- --------------------------------------------------------

--
-- Table structure for table `table 20`
--

CREATE TABLE IF NOT EXISTS `table 20` (
  `COL 1` varchar(56) DEFAULT NULL
) ENGINE=MyISAM DEFAULT CHARSET=utf8;

--
-- Dumping data for table `table 20`
--

INSERT INTO `table 20` (`COL 1`) VALUES
('64	????? ???????	2		21	4	1	1	0	27:24.2	NULL'),
('65	??? ???????? (1)	2		21	4	1	1	0	27:43.7	NULL'),
('66	??????????	3		21	4	1	1	0	28:35.0	NULL'),
('67	???????(1)	3		21	4	1	1	0	29:09.6	NULL'),
('68	?????  ?? ?????	3		21	4	1	1	0	29:21.7	NULL'),
('69	????? ???????	2		21	4	2	3	0	29:41.8	NULL'),
('70	??? ?????(2)	2		21	4	1	2	0	30:27.5	NULL'),
('71	c?????????	3		21	4	1	2	0	30:39.7	NULL'),
('72	??? ???????? (2)	2		21	4	1	2	0	30:53.8	NULL'),
('73	????? ?????? ? ?????????	3		21	4	1	2	0	31:17.7	NULL'),
('74	???????(2)	3		21	4	1	2	0	31:26.7	NULL'),
('75	????? ????????	2		21	4	1	2	0	31:48.7	NULL'),
('76	???????? ??????	3		21	4	1	2	0	32:04.0	NULL'),
('77	??? ???????? (3)	2		21	4	2	3	0	32:34.6	NULL'),
('78	????? ??????(1)	3		21	4	2	3	0	32:49.0	NULL'),
('79	???????(3)	2		21	4	2	3	0	33:05.0	NULL'),
('80	????? ?????	3		21	4	2	3	0	33:19.5	NULL'),
('81	??????? ??????	3		21	4	2	3	0	33:53.1	NULL'),
('82	????? ???? ??????	4		21	4	2	3	0	34:12.2	NULL'),
('83	??? ?????	3		21	4	2	3	0	34:30.4	NULL'),
('84	??? ???????? (4)	2		21	4	2	4	0	35:42.7	NULL'),
('85	????? ??????(2)	3		21	4	2	4	0	36:06.8	NULL'),
('86	???????(4)	2		21	4	2	4	0	36:31.1	NULL'),
('87	????? ??????? ???????	3		21	4	2	4	0	36:53.7	NULL'),
('88	????? ????	3		21	4	2	4	0	37:23.1	NULL'),
('89	??? ???????	3		21	4	2	4	0	37:46.0	NULL'),
('90	????? ????? 2	3		21	4	3	5	0	38:05.1	NULL'),
('91	????? ????????	3		21	4	3	5	0	39:03.9	NULL'),
('92	?????? ????? ????????	3		21	4	3	5	0	39:22.3	NULL'),
('93	????? ?????? ???????????	3		21	4	3	5	0	39:52.3	NULL'),
('94	????? ?????? ??? ?????????	3		21	4	3	5	0	40:18.1	NULL'),
('95	???? ?????? ????????	3		21	4	3	5	0	40:30.2	NULL'),
('96	??? ???????(1)	3		21	4	3	5	0	40:59.2	NULL'),
('97	????? ?????	3		21	4	3	5	1	42:22.9	NULL'),
('98	????? ???????	3		21	4	3	6	0	46:22.9	NULL'),
('99	??? ????? ????????	3		21	4	3	6	0	46:47.5	NULL'),
('100	??????? ???????	3		21	4	3	6	0	47:05.5	NULL'),
('101	??????? ?????? ???????	3		21	4	4	11	0	57:19.2	NULL'),
('102	??? ???????(2)	3		21	4	3	6	0	57:33.3	NULL'),
('103	????? ????????	3		21	4	3	6	0	57:42.2	NULL'),
('104	????? ???????	3		21	4	4	10	0	58:08.8	NULL'),
('105	?????? ?????????	3		21	4	4	10	0	58:20.2	NULL'),
('106	?????? ???? ???????	3		21	4	4	10	0	58:36.4	NULL'),
('107	???????	3		21	4	4	10	0	58:44.9	NULL'),
('108	????? ????(1)	3		21	4	4	10	1	59:19.0	NULL'),
('109	??????? ????????	3		21	4	4	11	0	59:59.6	NULL'),
('110	???????? ??? ???????	3		21	4	4	11	0	00:22.9	NULL'),
('111	????? ????????	3		21	4	4	10	0	00:37.1	NULL'),
('112	?????? ???	3		21	4	4	11	0	01:00.9	NULL'),
('113	????? ????(2) 	2		21	4	4	11	0	01:24.5	NULL'),
('114	aa	22	aa	21	4	1	1	1	13:14.4	NULL'),
('115	aa	0	a	21	4	1	1	1	18:09.5	NULL');

-- --------------------------------------------------------

--
-- Table structure for table `table 21`
--

CREATE TABLE IF NOT EXISTS `table 21` (
  `COL 1` varchar(56) DEFAULT NULL
) ENGINE=MyISAM DEFAULT CHARSET=utf8;

--
-- Dumping data for table `table 21`
--

INSERT INTO `table 21` (`COL 1`) VALUES
('64	????? ???????	2		21	4	1	1	0	27:24.2	NULL'),
('65	??? ???????? (1)	2		21	4	1	1	0	27:43.7	NULL'),
('66	??????????	3		21	4	1	1	0	28:35.0	NULL'),
('67	???????(1)	3		21	4	1	1	0	29:09.6	NULL'),
('68	?????  ?? ?????	3		21	4	1	1	0	29:21.7	NULL'),
('69	????? ???????	2		21	4	2	3	0	29:41.8	NULL'),
('70	??? ?????(2)	2		21	4	1	2	0	30:27.5	NULL'),
('71	c?????????	3		21	4	1	2	0	30:39.7	NULL'),
('72	??? ???????? (2)	2		21	4	1	2	0	30:53.8	NULL'),
('73	????? ?????? ? ?????????	3		21	4	1	2	0	31:17.7	NULL'),
('74	???????(2)	3		21	4	1	2	0	31:26.7	NULL'),
('75	????? ????????	2		21	4	1	2	0	31:48.7	NULL'),
('76	???????? ??????	3		21	4	1	2	0	32:04.0	NULL'),
('77	??? ???????? (3)	2		21	4	2	3	0	32:34.6	NULL'),
('78	????? ??????(1)	3		21	4	2	3	0	32:49.0	NULL'),
('79	???????(3)	2		21	4	2	3	0	33:05.0	NULL'),
('80	????? ?????	3		21	4	2	3	0	33:19.5	NULL'),
('81	??????? ??????	3		21	4	2	3	0	33:53.1	NULL'),
('82	????? ???? ??????	4		21	4	2	3	0	34:12.2	NULL'),
('83	??? ?????	3		21	4	2	3	0	34:30.4	NULL'),
('84	??? ???????? (4)	2		21	4	2	4	0	35:42.7	NULL'),
('85	????? ??????(2)	3		21	4	2	4	0	36:06.8	NULL'),
('86	???????(4)	2		21	4	2	4	0	36:31.1	NULL'),
('87	????? ??????? ???????	3		21	4	2	4	0	36:53.7	NULL'),
('88	????? ????	3		21	4	2	4	0	37:23.1	NULL'),
('89	??? ???????	3		21	4	2	4	0	37:46.0	NULL'),
('90	????? ????? 2	3		21	4	3	5	0	38:05.1	NULL'),
('91	????? ????????	3		21	4	3	5	0	39:03.9	NULL'),
('92	?????? ????? ????????	3		21	4	3	5	0	39:22.3	NULL'),
('93	????? ?????? ???????????	3		21	4	3	5	0	39:52.3	NULL'),
('94	????? ?????? ??? ?????????	3		21	4	3	5	0	40:18.1	NULL'),
('95	???? ?????? ????????	3		21	4	3	5	0	40:30.2	NULL'),
('96	??? ???????(1)	3		21	4	3	5	0	40:59.2	NULL'),
('97	????? ?????	3		21	4	3	5	1	42:22.9	NULL'),
('98	????? ???????	3		21	4	3	6	0	46:22.9	NULL'),
('99	??? ????? ????????	3		21	4	3	6	0	46:47.5	NULL'),
('100	??????? ???????	3		21	4	3	6	0	47:05.5	NULL'),
('101	??????? ?????? ???????	3		21	4	4	11	0	57:19.2	NULL'),
('102	??? ???????(2)	3		21	4	3	6	0	57:33.3	NULL'),
('103	????? ????????	3		21	4	3	6	0	57:42.2	NULL'),
('104	????? ???????	3		21	4	4	10	0	58:08.8	NULL'),
('105	?????? ?????????	3		21	4	4	10	0	58:20.2	NULL'),
('106	?????? ???? ???????	3		21	4	4	10	0	58:36.4	NULL'),
('107	???????	3		21	4	4	10	0	58:44.9	NULL'),
('108	????? ????(1)	3		21	4	4	10	1	59:19.0	NULL'),
('109	??????? ????????	3		21	4	4	11	0	59:59.6	NULL'),
('110	???????? ??? ???????	3		21	4	4	11	0	00:22.9	NULL'),
('111	????? ????????	3		21	4	4	10	0	00:37.1	NULL'),
('112	?????? ???	3		21	4	4	11	0	01:00.9	NULL'),
('113	????? ????(2) 	2		21	4	4	11	0	01:24.5	NULL'),
('114	aa	22	aa	21	4	1	1	1	13:14.4	NULL'),
('115	aa	0	a	21	4	1	1	1	18:09.5	NULL');

-- --------------------------------------------------------

--
-- Table structure for table `table 23`
--

CREATE TABLE IF NOT EXISTS `table 23` (
  `COL 1` varchar(94) DEFAULT NULL
) ENGINE=MyISAM DEFAULT CHARSET=utf8;

--
-- Dumping data for table `table 23`
--

INSERT INTO `table 23` (`COL 1`) VALUES
('Id	name	code	no_hour	department_id	course_id	level_id	term_id	is_deleted	created_at	updated_at'),
('63	??? ?????(1)	2		1	4	1	1	0	27:02.9	NULL'),
('64	????? ???????	2		1	4	1	1	0	27:24.2	NULL'),
('65	??? ???????? (1)	2		1	4	1	1	0	27:43.7	NULL'),
('66	??????????	3		1	4	1	1	0	28:35.0	NULL'),
('67	???????(1)	3		1	4	1	1	0	29:09.6	NULL'),
('68	?????  ?? ?????	3		1	4	1	1	0	29:21.7	NULL'),
('69	????? ???????	2		1	4	2	3	0	29:41.8	NULL'),
('70	??? ?????(2)	2		1	4	1	2	0	30:27.5	NULL'),
('71	c?????????	3		1	4	1	2	0	30:39.7	NULL'),
('72	??? ???????? (2)	2		1	4	1	2	0	30:53.8	NULL'),
('73	????? ?????? ? ?????????	3		1	4	1	2	0	31:17.7	NULL'),
('74	???????(2)	3		1	4	1	2	0	31:26.7	NULL'),
('75	????? ????????	2		1	4	1	2	0	31:48.7	NULL'),
('76	???????? ??????	3		1	4	1	2	0	32:04.0	NULL'),
('77	??? ???????? (3)	2		1	4	2	3	0	32:34.6	NULL'),
('78	????? ??????(1)	3		1	4	2	3	0	32:49.0	NULL'),
('79	???????(3)	2		1	4	2	3	0	33:05.0	NULL'),
('80	????? ?????	3		1	4	2	3	0	33:19.5	NULL'),
('81	??????? ??????	3		1	4	2	3	0	33:53.1	NULL'),
('82	????? ???? ??????	4		1	4	2	3	0	34:12.2	NULL'),
('83	??? ?????	3		1	4	2	3	0	34:30.4	NULL'),
('84	??? ???????? (4)	2		1	4	2	4	0	35:42.7	NULL'),
('85	????? ??????(2)	3		1	4	2	4	0	36:06.8	NULL'),
('86	???????(4)	2		1	4	2	4	0	36:31.1	NULL'),
('87	????? ??????? ???????	3		1	4	2	4	0	36:53.7	NULL'),
('88	????? ????	3		1	4	2	4	0	37:23.1	NULL'),
('89	??? ???????	3		1	4	2	4	0	37:46.0	NULL'),
('90	????? ????? 2	3		1	4	3	5	0	38:05.1	NULL'),
('91	????? ????????	3		1	4	3	5	0	39:03.9	NULL'),
('92	?????? ????? ????????	3		1	4	3	5	0	39:22.3	NULL'),
('93	????? ?????? ???????????	3		1	4	3	5	0	39:52.3	NULL'),
('94	????? ?????? ??? ?????????	3		1	4	3	5	0	40:18.1	NULL'),
('95	???? ?????? ????????	3		1	4	3	5	0	40:30.2	NULL'),
('96	??? ???????(1)	3		1	4	3	5	0	40:59.2	NULL'),
('97	????? ?????	3		1	4	3	5	1	42:22.9	NULL'),
('98	????? ???????	3		1	4	3	6	0	46:22.9	NULL'),
('99	??? ????? ????????	3		1	4	3	6	0	46:47.5	NULL'),
('100	??????? ???????	3		1	4	3	6	0	47:05.5	NULL'),
('101	??????? ?????? ???????	3		1	4	4	11	0	57:19.2	NULL'),
('102	??? ???????(2)	3		1	4	3	6	0	57:33.3	NULL'),
('103	????? ????????	3		1	4	3	6	0	57:42.2	NULL'),
('104	????? ???????	3		1	4	4	10	0	58:08.8	NULL'),
('105	?????? ?????????	3		1	4	4	10	0	58:20.2	NULL'),
('106	?????? ???? ???????	3		1	4	4	10	0	58:36.4	NULL'),
('107	???????	3		1	4	4	10	0	58:44.9	NULL'),
('108	????? ????(1)	3		1	4	4	10	1	59:19.0	NULL'),
('109	??????? ????????	3		1	4	4	11	0	59:59.6	NULL'),
('110	???????? ??? ???????	3		1	4	4	11	0	00:22.9	NULL'),
('111	????? ????????	3		1	4	4	10	0	00:37.1	NULL'),
('112	?????? ???	3		1	4	4	11	0	01:00.9	NULL'),
('113	????? ????(2) 	2		1	4	4	11	0	01:24.5	NULL'),
('114	aa	22	aa	1	4	1	1	1	13:14.4	NULL'),
('115	aa	0	a	1	4	1	1	1	18:09.5	NULL');

-- --------------------------------------------------------

--
-- Table structure for table `term`
--

CREATE TABLE IF NOT EXISTS `term` (
  `Id` int(10) NOT NULL AUTO_INCREMENT,
  `name` varchar(255) NOT NULL,
  `code` varchar(255) NOT NULL,
  `level_id` int(10) NOT NULL,
  PRIMARY KEY (`Id`),
  KEY `term_level` (`level_id`)
) ENGINE=InnoDB  DEFAULT CHARSET=utf8 AUTO_INCREMENT=9 ;

--
-- Dumping data for table `term`
--

INSERT INTO `term` (`Id`, `name`, `code`, `level_id`) VALUES
(1, 'الترم ألأول', '', 1),
(2, 'الترم الثاني', 'FT', 1),
(3, 'الترم الاول', 'FT', 2),
(4, 'الترم الثاني', 'ST', 2),
(5, 'الترم الاول', 'FT', 3),
(6, 'الترم الثاني', 'ST', 3),
(7, 'الترم الاول', 'FT', 4),
(8, 'الترم الثاني', 'ST', 4);

-- --------------------------------------------------------

--
-- Stand-in structure for view `term_basic_subject`
--
CREATE TABLE IF NOT EXISTS `term_basic_subject` (
`std_fname` varchar(255)
,`name` varchar(255)
,`marks` decimal(18,2)
,`Id` int(10)
,`exam_group_id` int(11)
,`maximum_marks` float
,`minimum_marks` float
,`student_id` int(11)
,`batch_id` int(11)
,`term_id` int(11)
,`level_id` int(11)
,`exam_id` int(11)
,`course_id` int(11)
,`dept_id` int(11)
);
-- --------------------------------------------------------

--
-- Stand-in structure for view `term_work_subject`
--
CREATE TABLE IF NOT EXISTS `term_work_subject` (
`std_fname` varchar(255)
,`marks` decimal(18,2)
,`Id` int(10)
,`name` varchar(255)
,`exam_group_id` int(11)
,`subject_id` int(10)
,`maximum_marks` float
,`minimum_marks` float
,`student_id` int(11)
,`batch_id` int(11)
,`term_id` int(11)
,`level_id` int(11)
,`exam_id` int(11)
,`course_id` int(11)
,`dept_id` int(11)
);
-- --------------------------------------------------------

--
-- Table structure for table `user`
--

CREATE TABLE IF NOT EXISTS `user` (
  `user_id` int(11) NOT NULL AUTO_INCREMENT,
  `username` varchar(100) DEFAULT NULL,
  `first_name` varchar(100) DEFAULT NULL,
  `last_name` varchar(100) DEFAULT NULL,
  `email` varchar(70) DEFAULT NULL,
  `password` varchar(100) NOT NULL,
  `confrim_password` varchar(100) DEFAULT NULL,
  `scurity_question` varchar(200) DEFAULT NULL,
  `scurity_answer` varchar(200) DEFAULT NULL,
  `created_at` datetime DEFAULT NULL,
  `updated_at` datetime DEFAULT NULL,
  `parent` bit(1) DEFAULT NULL,
  `user_type_id` int(11) NOT NULL,
  `image` varchar(30) NOT NULL,
  PRIMARY KEY (`user_id`),
  KEY `user_type_id` (`user_type_id`)
) ENGINE=MyISAM  DEFAULT CHARSET=utf8 AUTO_INCREMENT=751 ;

--
-- Dumping data for table `user`
--

INSERT INTO `user` (`user_id`, `username`, `first_name`, `last_name`, `email`, `password`, `confrim_password`, `scurity_question`, `scurity_answer`, `created_at`, `updated_at`, `parent`, `user_type_id`, `image`) VALUES
(88, 'salah', 'salah', NULL, 'sak@g.com', '8cb2237d0679ca88db6464eac60da96345513964', NULL, 'd36da3e6884f6d1e9e7983ff13e99cf5c8f5745a', '0a32a7ce87f2ece5c52122c96a3a1d2c34e3b19c', '2017-08-08 16:19:36', NULL, NULL, 1, ''),
(90, 'jjjjjjjj', 'jkjjjj', NULL, 'jjjjjjjj', '99a757f0acc1fa90777fc4f4b90c747b0f32b21c', NULL, 'da39a3ee5e6b4b0d3255bfef95601890afd80709', 'da39a3ee5e6b4b0d3255bfef95601890afd80709', '2017-08-11 14:44:34', NULL, NULL, 1, ''),
(91, 'ali', 'ali', NULL, 'sak@g.com', '8cb2237d0679ca88db6464eac60da96345513964', NULL, 'e93b4e3c464ffd51732fbd6ded717e9efda28aad', 'df51e37c269aa94d38f93e537bf6e2020b21406c', '2017-08-13 14:44:28', NULL, NULL, 1, ''),
(15, 'jjjjjjjjjjjjj', 'dddddddddd', NULL, 'sak@g.com', 'fbdb61c09030938f2e88597f73a743ea95fbf416', NULL, NULL, NULL, NULL, NULL, NULL, 1, ''),
(18, 'fffffffff', 'ddddddddd', NULL, 'sak@g.com', 'f97ad74f68f42f065db01f86da1291ebfac1f3d5', NULL, 'd36da3e6884f6d1e9e7983ff13e99cf5c8f5745a', 'd36da3e6884f6d1e9e7983ff13e99cf5c8f5745a', '2017-08-01 15:47:43', NULL, NULL, 1, ''),
(19, 'ooooo', 'fffffffff', NULL, 'sak@g.com', '9e742fe9563b44e1d2527de2fe50ebbd61ff6ea8', NULL, 'd36da3e6884f6d1e9e7983ff13e99cf5c8f5745a', 'd36da3e6884f6d1e9e7983ff13e99cf5c8f5745a', '2017-08-01 15:55:39', NULL, NULL, 1, ''),
(21, 'jjww', 'hhh', NULL, 'sak@g.com', '7b9965f0c25af4910988112aa5fee3c187ba4311', NULL, 'da39a3ee5e6b4b0d3255bfef95601890afd80709', 'da39a3ee5e6b4b0d3255bfef95601890afd80709', '2017-08-01 16:05:37', NULL, NULL, 1, '12676.jpg'),
(747, '2007', 'try try8try try2', NULL, '', '58ab7f2b727285842582b19659b0413843fa4fda', NULL, NULL, NULL, '2017-08-20 14:14:42', NULL, NULL, 2, ''),
(740, '2000', 'try trytry try2', NULL, '', '110820b2a94725f207365a035db75692268b635e', NULL, NULL, NULL, '2017-08-19 15:37:26', NULL, NULL, 2, ''),
(741, '2001', 'try try2try try2', NULL, '', 'afb9c8ac37a13c36fbaaf540bfb64913ed3592d6', NULL, NULL, NULL, '2017-08-20 14:09:39', NULL, NULL, 2, ''),
(742, '2002', 'try try3try try2', NULL, '', 'abaf061db9cb096861ee2f81cfd26da278fb2dd5', NULL, NULL, NULL, '2017-08-20 14:10:23', NULL, NULL, 2, ''),
(743, '2003', '4try trytry try2', NULL, '', '28c8ae26594d2d93481d85649cbba4513a1ba0f2', NULL, NULL, NULL, '2017-08-20 14:10:54', NULL, NULL, 2, ''),
(744, '2004', 'try try5try try2', NULL, '', 'b48de8ec9dee4c798471e19ac66448e6bf666914', NULL, NULL, NULL, '2017-08-20 14:11:17', NULL, NULL, 2, ''),
(26, 'jjjjjjjjj', 'j', NULL, 'sak@g.com', 'cc2bd7f840e8b4289faae31c47b0f77d537539d0', NULL, 'da39a3ee5e6b4b0d3255bfef95601890afd80709', 'da39a3ee5e6b4b0d3255bfef95601890afd80709', '2017-08-02 13:52:35', NULL, NULL, 1, ''),
(27, 'jjjjjjjjj', 'k', NULL, 'sak@g.com', 'cc2bd7f840e8b4289faae31c47b0f77d537539d0', NULL, 'da39a3ee5e6b4b0d3255bfef95601890afd80709', 'da39a3ee5e6b4b0d3255bfef95601890afd80709', '2017-08-02 13:53:42', NULL, NULL, 1, ''),
(28, 'kkkkkkkkk', 'oo', NULL, 'sak@g.com', '365361f0227c8278768cc1d21ca2e78a066a32e0', NULL, 'da39a3ee5e6b4b0d3255bfef95601890afd80709', 'da39a3ee5e6b4b0d3255bfef95601890afd80709', '2017-08-02 14:06:01', NULL, NULL, 1, ''),
(30, 'kkkkkkkkk', 'kkkkkkkkkk', NULL, 'sak@g.com', 'aeefd06d97abef9d733024b36351c965378b8475', NULL, 'd36da3e6884f6d1e9e7983ff13e99cf5c8f5745a', 'd36da3e6884f6d1e9e7983ff13e99cf5c8f5745a', '2017-08-03 13:04:56', NULL, NULL, 1, ''),
(85, 'salah', 'salah', 'salah', 'sa@d.com', 'root@localhost', NULL, NULL, NULL, NULL, NULL, NULL, 1, ''),
(10, 's', 'admin', 'admin', 'sa@d.com', '40bd001563085fc35165329ea1ff5c5ecbdbbeef', NULL, '4a0a19218e082a343a1b17e5333409af9d98f0f5', '4a0a19218e082a343a1b17e5333409af9d98f0f5', NULL, NULL, NULL, 1, ''),
(86, 'salah', 'salah', NULL, 'salahco2013@gmail.com', '8cb2237d0679ca88db6464eac60da96345513964', NULL, 'da39a3ee5e6b4b0d3255bfef95601890afd80709', 'da39a3ee5e6b4b0d3255bfef95601890afd80709', '2017-08-08 16:05:12', NULL, NULL, 1, ''),
(34, 'fffffffff', 'kk', NULL, 'sak@g.com', '92fc472e870b9cf61aa2b6f8bd8267f9c14f58f5', NULL, 'da39a3ee5e6b4b0d3255bfef95601890afd80709', 'da39a3ee5e6b4b0d3255bfef95601890afd80709', '2017-08-06 16:28:31', NULL, NULL, 1, '8595.jpg'),
(92, 'ali', 'alidddddd', NULL, 'sak@g.com', '8cb2237d0679ca88db6464eac60da96345513964', NULL, 'da39a3ee5e6b4b0d3255bfef95601890afd80709', 'da39a3ee5e6b4b0d3255bfef95601890afd80709', '2017-08-18 15:09:24', NULL, NULL, 4, '22498.png'),
(50, 'kkkkkkkkk', 'عبد علي الهاشمي', NULL, 'sak@g.com', '89e37ae6dea4ba08e4f602ab7d545a2cad009968', NULL, 'd36da3e6884f6d1e9e7983ff13e99cf5c8f5745a', 'd36da3e6884f6d1e9e7983ff13e99cf5c8f5745a', '2017-08-07 14:51:29', NULL, NULL, 1, ''),
(51, 'kkkkkkkkk', 'عبد علي الهاشمي', NULL, 'sak@g.com', '89e37ae6dea4ba08e4f602ab7d545a2cad009968', NULL, 'd36da3e6884f6d1e9e7983ff13e99cf5c8f5745a', 'd36da3e6884f6d1e9e7983ff13e99cf5c8f5745a', '2017-08-07 14:52:14', NULL, NULL, 1, ''),
(52, 'kkkkkkkkk', 'عبد علي الهاشمي', NULL, 'sak@g.com', '89e37ae6dea4ba08e4f602ab7d545a2cad009968', NULL, 'd36da3e6884f6d1e9e7983ff13e99cf5c8f5745a', 'd36da3e6884f6d1e9e7983ff13e99cf5c8f5745a', '2017-08-07 14:52:59', NULL, NULL, 1, ''),
(53, 'kkkkkkkkk', 'عبد علي الهاشمي', NULL, 'sak@g.com', '89e37ae6dea4ba08e4f602ab7d545a2cad009968', NULL, 'd36da3e6884f6d1e9e7983ff13e99cf5c8f5745a', 'd36da3e6884f6d1e9e7983ff13e99cf5c8f5745a', '2017-08-07 14:53:52', NULL, NULL, 1, ''),
(54, 'kkkkkkkkk', 'عبد علي الهاشمي', NULL, 'sak@g.com', '89e37ae6dea4ba08e4f602ab7d545a2cad009968', NULL, 'd36da3e6884f6d1e9e7983ff13e99cf5c8f5745a', 'd36da3e6884f6d1e9e7983ff13e99cf5c8f5745a', '2017-08-07 14:54:25', NULL, NULL, 1, ''),
(55, 'kkkkkkkkk', 'عبد علي الهاشمي', NULL, 'sak@g.com', '89e37ae6dea4ba08e4f602ab7d545a2cad009968', NULL, 'd36da3e6884f6d1e9e7983ff13e99cf5c8f5745a', 'd36da3e6884f6d1e9e7983ff13e99cf5c8f5745a', '2017-08-07 14:54:48', NULL, NULL, 1, ''),
(56, 'kkkkkkkkk', 'عبد علي الهاشمي', NULL, 'sak@g.com', '89e37ae6dea4ba08e4f602ab7d545a2cad009968', NULL, 'd36da3e6884f6d1e9e7983ff13e99cf5c8f5745a', 'd36da3e6884f6d1e9e7983ff13e99cf5c8f5745a', '2017-08-07 14:55:20', NULL, NULL, 1, ''),
(57, 'kkkkkkkkk', 'عبد علي الهاشمي', NULL, 'sak@g.com', '89e37ae6dea4ba08e4f602ab7d545a2cad009968', NULL, 'd36da3e6884f6d1e9e7983ff13e99cf5c8f5745a', 'd36da3e6884f6d1e9e7983ff13e99cf5c8f5745a', '2017-08-07 14:55:46', NULL, NULL, 1, ''),
(58, 'kkkkkkkkk', 'عبد علي الهاشمي', NULL, 'sak@g.com', '89e37ae6dea4ba08e4f602ab7d545a2cad009968', NULL, 'd36da3e6884f6d1e9e7983ff13e99cf5c8f5745a', 'd36da3e6884f6d1e9e7983ff13e99cf5c8f5745a', '2017-08-07 14:56:57', NULL, NULL, 1, ''),
(59, 'kkkkkkkkk', 'عبد علي الهاشمي', NULL, 'sak@g.com', '89e37ae6dea4ba08e4f602ab7d545a2cad009968', NULL, 'd36da3e6884f6d1e9e7983ff13e99cf5c8f5745a', 'd36da3e6884f6d1e9e7983ff13e99cf5c8f5745a', '2017-08-07 14:57:26', NULL, NULL, 1, ''),
(60, 'kkkkkkkkkkllllllllll', 'عبد علي الهاشمي', NULL, 'sak@g.com', '89e37ae6dea4ba08e4f602ab7d545a2cad009968', NULL, 'd36da3e6884f6d1e9e7983ff13e99cf5c8f5745a', 'd36da3e6884f6d1e9e7983ff13e99cf5c8f5745a', '2017-08-07 14:58:19', NULL, NULL, 1, ''),
(61, 'kkkkkkkkk', 'عبد علي الهاشمي', NULL, 'sak@g.com', '89e37ae6dea4ba08e4f602ab7d545a2cad009968', NULL, 'd36da3e6884f6d1e9e7983ff13e99cf5c8f5745a', 'd36da3e6884f6d1e9e7983ff13e99cf5c8f5745a', '2017-08-07 14:59:12', NULL, NULL, 1, ''),
(84, 'jjjjjjjjj', '888888888888888', NULL, 'sak@g.com', '8cb2237d0679ca88db6464eac60da96345513964', NULL, '3c363836cf4e16666669a25da280a1865c2d2874', '3c363836cf4e16666669a25da280a1865c2d2874', '2017-08-08 15:26:03', NULL, NULL, 4, ''),
(69, 'jjjjjjjjj', 'ddddddddd', NULL, 'sak@g.com', '96ddaaa82b9f99a079d6840f7366d0c30b9ae335', NULL, 'da39a3ee5e6b4b0d3255bfef95601890afd80709', 'da39a3ee5e6b4b0d3255bfef95601890afd80709', '2017-08-07 15:35:21', NULL, NULL, 1, ''),
(745, '2005', 'try try6try try2', NULL, '', '2d906652e3500c32190a9fdaae73518381527ab3', NULL, NULL, NULL, '2017-08-20 14:11:30', NULL, NULL, 2, ''),
(746, '2006', 'try try7try try2', NULL, '', '4b0159f8ba5abd63d72dca2177b7df70aae72ae7', NULL, NULL, NULL, '2017-08-20 14:14:17', NULL, NULL, 2, ''),
(72, 'salah kotame', 'fffffffffff', NULL, 'salahco2013@gmail.com', '529a6b923e382614ddda1e768428061465712a44', NULL, 'da39a3ee5e6b4b0d3255bfef95601890afd80709', 'da39a3ee5e6b4b0d3255bfef95601890afd80709', '2017-08-07 15:48:07', NULL, NULL, 1, ''),
(73, 'salah ', 'fffffffffff', NULL, 'salahco2013@gmail.com', '835f325f9814e6dd099a37c6b93cc4206a9b63fa', NULL, 'da39a3ee5e6b4b0d3255bfef95601890afd80709', 'da39a3ee5e6b4b0d3255bfef95601890afd80709', '2017-08-07 15:49:32', NULL, NULL, 1, ''),
(74, 'salah ', 'fffffffffff', NULL, 'salahco2013@gmail.com', 'c6b56d05ad19b8c7b388b3c6242f363c2d888bcd', NULL, 'da39a3ee5e6b4b0d3255bfef95601890afd80709', 'da39a3ee5e6b4b0d3255bfef95601890afd80709', '2017-08-07 15:51:21', NULL, NULL, 1, ''),
(75, 'salah kotame', 'fffffffffff', NULL, 'salahco2013@gmail.com', '0a32a7ce87f2ece5c52122c96a3a1d2c34e3b19c', NULL, 'da39a3ee5e6b4b0d3255bfef95601890afd80709', 'da39a3ee5e6b4b0d3255bfef95601890afd80709', '2017-08-07 15:52:12', NULL, NULL, 1, ''),
(76, 'salah ', 'fffffffffff', NULL, 'salahco2013@gmail.com', '492215f98b54bc5cfcfa01100f4dcb339beafb2e', NULL, 'da39a3ee5e6b4b0d3255bfef95601890afd80709', 'da39a3ee5e6b4b0d3255bfef95601890afd80709', '2017-08-07 15:54:25', NULL, NULL, 1, ''),
(77, 'rrrrrr', 'ddddddddd', NULL, 'sak@g.com', '70b90b85b9ed58940f34338b0816c877153e67e6', NULL, 'da39a3ee5e6b4b0d3255bfef95601890afd80709', 'da39a3ee5e6b4b0d3255bfef95601890afd80709', '2017-08-07 16:20:05', NULL, NULL, 1, ''),
(78, 'jjjjjjjjj', 'ddddddddd', NULL, 'sak@g.com', '70b90b85b9ed58940f34338b0816c877153e67e6', NULL, 'da39a3ee5e6b4b0d3255bfef95601890afd80709', 'da39a3ee5e6b4b0d3255bfef95601890afd80709', '2017-08-07 16:20:25', NULL, NULL, 1, ''),
(79, 'kkkkkkkkk', 'ddddddddd', NULL, 'llllllllll', 'f75956b48e26565adbdec1ca3dfa83257105cb6c', NULL, 'd36da3e6884f6d1e9e7983ff13e99cf5c8f5745a', '3c363836cf4e16666669a25da280a1865c2d2874', '2017-08-07 16:23:17', NULL, NULL, 1, ''),
(80, 'jjjjjjjjj', 'ddddddddd', NULL, 'llllllllll', '8cb2237d0679ca88db6464eac60da96345513964', NULL, 'da39a3ee5e6b4b0d3255bfef95601890afd80709', 'da39a3ee5e6b4b0d3255bfef95601890afd80709', '2017-08-07 16:43:51', NULL, NULL, 1, ''),
(739, '2000', 'try trytry try2', NULL, '', '110820b2a94725f207365a035db75692268b635e', NULL, NULL, NULL, '2017-08-19 15:32:59', NULL, NULL, 3, ''),
(738, '102', 'try trytry try2', NULL, '', 'ebdfa90a5ca64d6f62ce105ab12bb211caa71807', NULL, NULL, NULL, '2017-08-19 15:27:48', NULL, NULL, 3, ''),
(737, '504', 'jjjjjjjjjj  jjjjjjjjjjjj', NULL, '', 'd30a17f3ee77c6b3ac492d3c8093aa041e359bec', NULL, NULL, NULL, '2017-08-19 15:20:40', NULL, NULL, 3, ''),
(735, '502', 'kkkkkkkkkkkkkkkkk  kkkkkkkkk', NULL, '', 'ab4e015e13506f5c9ef366ac33703dccca98b7e1', NULL, NULL, NULL, '2017-08-19 15:20:40', NULL, NULL, 3, ''),
(736, '503', 'dddddddddd  dddddddd', NULL, '', 'a4f00658e4a387813a9039722bb7f3952d92a6f5', NULL, NULL, NULL, '2017-08-19 15:20:40', NULL, NULL, 3, ''),
(734, '501', 'gggggggggg  ggggggggggggggg', NULL, '', '39e7ce798708c547d4b8b5803b95f7e3fcc024eb', NULL, NULL, NULL, '2017-08-19 15:20:40', NULL, NULL, 3, ''),
(731, '498', 'jjjjjjjjjjjjjj  jjjjjjjjjjj', NULL, '', 'cf1edcd5e3da7be72bb677e1933effc30bd84ae9', NULL, NULL, NULL, '2017-08-19 15:20:40', NULL, NULL, 3, ''),
(732, '499', 'صلاح محمد  الصبري', NULL, '', '5c54d1b2d2a1d7ca04708aaf6502b697c1e6f3c6', NULL, NULL, NULL, '2017-08-19 15:20:40', NULL, NULL, 3, ''),
(733, '500', 'try  try', NULL, '', '60deed524064b58155fbb3c81b6fa199ae791008', NULL, NULL, NULL, '2017-08-19 15:20:40', NULL, NULL, 3, ''),
(730, '497', 'jjjjjjjjjjjj  jjjjjjjjjjjjjjjj', NULL, '', '4f3b8f98d5c5ea21b66114e5018e567fd3d8b680', NULL, NULL, NULL, '2017-08-19 15:20:40', NULL, NULL, 3, ''),
(727, '494', 'jjjjjjjjjjjjjjjj  jjjjjjjjjjjjjjjjjjjjj', NULL, '', 'c7625d58f663a0eca38eaab2a1ad713751192706', NULL, NULL, NULL, '2017-08-19 15:20:40', NULL, NULL, 3, ''),
(728, '495', 'hhhhhhhhhhhhh  hhhhhhhhhhhhhhh', NULL, '', '56def7e8f741261692739b628fa3d623dfc4e57d', NULL, NULL, NULL, '2017-08-19 15:20:40', NULL, NULL, 3, ''),
(729, '496', 'jjjjjjjj  jjjjjjjjjjjjjjjj', NULL, '', '2e8208423f10b2a41c5c383c7c11037ac419ca58', NULL, NULL, NULL, '2017-08-19 15:20:40', NULL, NULL, 3, ''),
(726, '493', 'kkkkkkkkkk  kkkkkkkk', NULL, '', '2752f0526a713f09d8b5873d74c416b62c6788ad', NULL, NULL, NULL, '2017-08-19 15:20:40', NULL, NULL, 3, ''),
(725, '492', 'jjjjjjjjjj  jjjjj', NULL, '', '4bac8d779783d504acfa9fb84bd1bf12012c2945', NULL, NULL, NULL, '2017-08-19 15:20:40', NULL, NULL, 3, ''),
(724, '491', 'kkkkkkkkkkkk  kkkkkkkkkk', NULL, '', '99fb2f0284adb0495c6089dc7492706128517cb4', NULL, NULL, NULL, '2017-08-19 15:20:40', NULL, NULL, 3, ''),
(722, '489', 'lllllllll  lllllllll', NULL, '', 'e26ffc2bad5a582573f630f6cdf1fa91d334bfb2', NULL, NULL, NULL, '2017-08-19 15:20:40', NULL, NULL, 3, ''),
(723, '490', 'gggggggg  ggggggg', NULL, '', 'e5456c7af77f0c080bb4814b4131c6f4b332e035', NULL, NULL, NULL, '2017-08-19 15:20:40', NULL, NULL, 3, ''),
(720, '487', 'kkkkkk  kkkkkkkk', NULL, '', 'da1246886dc390f41891c24682427d2e45063cda', NULL, NULL, NULL, '2017-08-19 15:20:40', NULL, NULL, 3, ''),
(721, '488', 'llllllllll  llllllllll', NULL, '', '7ff169e9b6ae6dc080927723be41497c8793c962', NULL, NULL, NULL, '2017-08-19 15:20:40', NULL, NULL, 3, ''),
(719, '486', 'jjjjjjjjjj  jjjjjjjjjjjjjjjjjj', NULL, '', '76bc469330945c83df9004b2a6aab03033721a58', NULL, NULL, NULL, '2017-08-19 15:20:40', NULL, NULL, 3, ''),
(718, '485', 'kkkkkkkkkkkkk  kkkkkkkkk', NULL, '', '39deb287a032d685c18873646b6204833ed9a5d5', NULL, NULL, NULL, '2017-08-19 15:20:40', NULL, NULL, 3, ''),
(717, '484', 'jjjjjjjjjj  jjjjjjjjj', NULL, '', 'd402964a0ae1ef05287a65d8d9815ff9da9a7e30', NULL, NULL, NULL, '2017-08-19 15:20:40', NULL, NULL, 3, ''),
(716, '483', 'kkkkkkkkkk  kkkkkkkkkkk', NULL, '', 'ee386289190c2fa33bc01672220540b71784876d', NULL, NULL, NULL, '2017-08-19 15:20:40', NULL, NULL, 3, ''),
(715, '482', 'kkkkkkkkkk  kkkkkkkkkkkk', NULL, '', 'e8abed4ef64cc9bbbb316c569ff9402201ebffd7', NULL, NULL, NULL, '2017-08-19 15:20:40', NULL, NULL, 3, ''),
(714, '481', 'jjjjjjjjjjj  jjjjjjjjjjjjjj', NULL, '', '324ff6bfd4762d993dcbd8aed2afa0fa6dc64ef2', NULL, NULL, NULL, '2017-08-19 15:20:40', NULL, NULL, 3, ''),
(713, '480', 'kjjjjjjjjjj  jjjjjjj', NULL, '', '004639fc33da33dca4dc246e84cc361e1b0a2448', NULL, NULL, NULL, '2017-08-19 15:20:40', NULL, NULL, 3, ''),
(712, '479', 'kkkkkk  kkkkkkkkk', NULL, '', 'ae19c3c205b3512e5d3ee34217437cbcb432cf10', NULL, NULL, NULL, '2017-08-19 15:20:40', NULL, NULL, 3, ''),
(711, '478', 'kkkkkkkk  kkkkkkkk', NULL, '', 'adf96edf13f10546265cd7d220609831f0f89462', NULL, NULL, NULL, '2017-08-19 15:20:40', NULL, NULL, 3, ''),
(706, '473', 'ggggggg  gggggggggggg', NULL, '', 'a8e3b23709d525882865bb4e39e155fd44e08cb5', NULL, NULL, NULL, '2017-08-19 15:20:40', NULL, NULL, 3, ''),
(707, '474', 'hhhhhh  hhhhhhhhhhh', NULL, '', '8cae28f107794d81e780d08e86be5da51dfddba2', NULL, NULL, NULL, '2017-08-19 15:20:40', NULL, NULL, 3, ''),
(708, '475', 'kkkkk  kkkkkk', NULL, '', '7417038b0a99940bef7b97258b9adbaef359180d', NULL, NULL, NULL, '2017-08-19 15:20:40', NULL, NULL, 3, ''),
(709, '476', 'salah  sabry', NULL, '', 'abd676026724c4bb81bab1bfe152ac0a74a9a9cc', NULL, NULL, NULL, '2017-08-19 15:20:40', NULL, NULL, 3, ''),
(710, '477', 'jjjjjjjjjjjjj  jjjjjjjjjjjjjjj', NULL, '', '5794d882219c48ea7a6d89b09588e22e8e96eb39', NULL, NULL, NULL, '2017-08-19 15:20:40', NULL, NULL, 3, ''),
(704, '471', 'new  new', NULL, 'sak@g.com', 'b2560388bd47f01595d89b3132a5a641c50a755d', NULL, NULL, NULL, '2017-08-19 15:20:40', NULL, NULL, 3, ''),
(705, '472', 'jjjjjffffffjjjj  lk', NULL, 'salahco2013@gmail.com', '4ed9ecd4b709ed723143fd79690406850db6cb46', NULL, NULL, NULL, '2017-08-19 15:20:40', NULL, NULL, 3, ''),
(703, '470', 'jjjjjjjjjjjjjjjjjj  jjjjjjjjjjjjjjjjjjjjjj', NULL, '', 'c7aef96adb2b3a143d5d8ab1178aee20278a5bf2', NULL, NULL, NULL, '2017-08-19 15:20:40', NULL, NULL, 3, ''),
(702, '469', 'kkkkkkkkkkkk  kkkkkkkkkkkk', NULL, '', 'd25698000075782fd9abe71a537995efcc3fcf6a', NULL, NULL, NULL, '2017-08-19 15:20:40', NULL, NULL, 3, ''),
(701, '468', 'kkkkkkkkkkkkkk  kkkkkkkkkkkkk', NULL, '', 'ab3d94619b7f032e41344a787b7f21b6d78ef8f0', NULL, NULL, NULL, '2017-08-19 15:20:40', NULL, NULL, 3, ''),
(700, '467', 'jjjjjjjjjjjjjj  jjjjjjjjjjjjjjjjjjj', NULL, '', 'f15534ca212c334a83f86062ce9f0d25e685dfe3', NULL, NULL, NULL, '2017-08-19 15:20:40', NULL, NULL, 3, ''),
(699, '466', 'jjjjjjjjjjj  jjjjjjjjjjjjjjjjj', NULL, '', 'd39efbf2b635e370b41cae96743b571dfdb9ca5e', NULL, NULL, NULL, '2017-08-19 15:20:40', NULL, NULL, 3, ''),
(698, '465', 'llll  llllllllll', NULL, '', '90ed5d947a3feb267670b96822178c1999a870c6', NULL, NULL, NULL, '2017-08-19 15:20:40', NULL, NULL, 3, ''),
(697, '464', 'kkkkkkkk  kkkkkkkkkkkkk', NULL, '', 'b49d6a0380893b548bb0959795fb8e68f28b30a7', NULL, NULL, NULL, '2017-08-19 15:20:40', NULL, NULL, 3, ''),
(696, '463', 'تتتتتتت  تتتتتتتتت', NULL, '', '648aab0554421e9083b8bb171b1f56dea29ea63a', NULL, NULL, NULL, '2017-08-19 15:20:40', NULL, NULL, 3, ''),
(695, '462', 'علي  دبوان', NULL, '', '7b37df83ca982ab1aab885a202c6d0a15f44906d', NULL, NULL, NULL, '2017-08-19 15:20:40', NULL, NULL, 3, ''),
(694, '461', 'محمد  هادي', NULL, '', '2e8bc81f0e4032ac4f9e48fd621561f723d3e4f1', NULL, NULL, NULL, '2017-08-19 15:20:40', NULL, NULL, 3, ''),
(692, '459', 'amr  dbwan', NULL, '', '1492b4a4172300f6d281a3d350886cc3e0e415d5', NULL, NULL, NULL, '2017-08-19 15:20:40', NULL, NULL, 3, ''),
(693, '460', 'عدي  الامير', NULL, 'salahco2013@gmail.com', '62f31ea6251eba23b9f2164496ae4691a134bbea', NULL, NULL, NULL, '2017-08-19 15:20:40', NULL, NULL, 3, ''),
(691, '458', 'ali  ali', NULL, 'sak@g.com', '4c931c5032da6c717ebe4009ec4c375d3c3e02cc', NULL, NULL, NULL, '2017-08-19 15:20:40', NULL, NULL, 3, ''),
(690, '457', 'hhhh  hhhhhhhhhhhh', NULL, 'sak@g.com', '4a9a977c5b506aecdda4d43b3bb22f8cbf76af2d', NULL, NULL, NULL, '2017-08-19 15:20:40', NULL, NULL, 3, ''),
(689, '456', 'علي  انور', NULL, 'salahco2013@gmail.com', 'f18f057ea44a945a083a00e6fcc11637d186042d', NULL, NULL, NULL, '2017-08-19 15:20:40', NULL, NULL, 3, ''),
(686, '453', 'نن  نن', NULL, '', '3920427e19976ff234a1b85c1fe16b4b14cc6747', NULL, NULL, NULL, '2017-08-19 15:20:40', NULL, NULL, 3, ''),
(687, '454', 'ممممممممممم  ممممممممم', NULL, '', '352c424265af99d178143a2703748d92f49bad66', NULL, NULL, NULL, '2017-08-19 15:20:40', NULL, NULL, 3, ''),
(688, '455', 'jjjjj  jjjjjjjjjj', NULL, '', 'f3e744bd46ead716719867dc77aeac040d09a096', NULL, NULL, NULL, '2017-08-19 15:20:40', NULL, NULL, 3, ''),
(685, '452', 'نن  ننننن', NULL, '', '677fd783c30d588d2e3cab4dffffa3a64df6857a', NULL, NULL, NULL, '2017-08-19 15:20:40', NULL, NULL, 3, ''),
(684, '451', 'ن  ن', NULL, '', '752463d1d95749ca8a9a95ea394798b30c589006', NULL, NULL, NULL, '2017-08-19 15:20:40', NULL, NULL, 3, ''),
(682, '449', 'يييييييي  سييييييييي', NULL, '', 'ae8a5d6428b2091c021bd2dbad4882be6fbbfe63', NULL, NULL, NULL, '2017-08-19 15:20:40', NULL, NULL, 3, ''),
(683, '450', 'تتتت  تتتتتتتت', NULL, '', 'a30cad91d33480460c32c4b3156b9d5d4ceb0cb3', NULL, NULL, NULL, '2017-08-19 15:20:40', NULL, NULL, 3, ''),
(681, '448', 'تتتتتت  تتتتتتتتتتت', NULL, '', '14238ada2395cc7f580f504b0398cfc7e5ff57ca', NULL, NULL, NULL, '2017-08-19 15:20:40', NULL, NULL, 3, ''),
(679, '446', 'علي  علي', NULL, '', 'c04569a6ed625ad9a03ca520406b7ca959f15ab0', NULL, NULL, NULL, '2017-08-19 15:20:40', NULL, NULL, 3, ''),
(680, '447', 'علي  لللللل', NULL, '', 'ed63bc4195b7c0de09d427bb193139daed441ed6', NULL, NULL, NULL, '2017-08-19 15:20:40', NULL, NULL, 3, ''),
(676, '443', 'هاني  هاني', NULL, '', 'a88205fb14fe91b91c5b3fa742036ea08ba927f2', NULL, NULL, NULL, '2017-08-19 15:20:40', NULL, NULL, 3, ''),
(677, '444', 'علي  علي', NULL, '', '4e790768ac25ecc1bc02287f939f5dd457330d30', NULL, NULL, NULL, '2017-08-19 15:20:40', NULL, NULL, 3, ''),
(678, '445', 'علي  علي', NULL, '', 'bc076e7e76e02ff9853b47143dcc9f46980a5300', NULL, NULL, NULL, '2017-08-19 15:20:40', NULL, NULL, 3, ''),
(675, '442', 'عمر  عمر', NULL, '', '2b327da4b5ce201c570487e0db3c76834307ac10', NULL, NULL, NULL, '2017-08-19 15:20:40', NULL, NULL, 3, ''),
(674, '441', 'علي  ناصر', NULL, '', '873eefeb10448fe32e71f36cfdc39a9c476abb31', NULL, NULL, NULL, '2017-08-19 15:20:40', NULL, NULL, 3, ''),
(673, '440', 'علي  علي', NULL, '', '5c62c46ee3a5acb8eda995381447b9a0713ecef8', NULL, NULL, NULL, '2017-08-19 15:20:40', NULL, NULL, 3, ''),
(672, '439', 'عبده  عبده', NULL, '', '06140d11f3a72fad56c0e5df6c4af6a680a654df', NULL, NULL, NULL, '2017-08-19 15:20:40', NULL, NULL, 3, ''),
(669, '436', 'تتتتتتتتتتت  تتتتتتتتت', NULL, '', '276ccfb2590a856c70dcaf07b65033a9a1464ed8', NULL, NULL, NULL, '2017-08-19 15:20:40', NULL, NULL, 3, ''),
(670, '437', 'عماد   احمد', NULL, '', '12a89e3f71e5c6ce71784e716a589f11e9a07eb1', NULL, NULL, NULL, '2017-08-19 15:20:40', NULL, NULL, 3, ''),
(671, '438', 'تتتتتتتتتت  اااااااااااااا', NULL, '', '4448f040d5d16701d58765d0a988a6e0b5dcac79', NULL, NULL, NULL, '2017-08-19 15:20:40', NULL, NULL, 3, ''),
(666, '433', 'ali  ali', NULL, '', '09f98f84552b53964993d241f3005a49a17fc7a6', NULL, NULL, NULL, '2017-08-19 15:20:40', NULL, NULL, 3, ''),
(667, '434', 'alo  alo', NULL, '', '8a2c862d9199dff4363769095f3270e3a0d0d001', NULL, NULL, NULL, '2017-08-19 15:20:40', NULL, NULL, 3, ''),
(668, '435', 'محمد   دبوان ', NULL, '', '8d81ecc1c773612003587943900df726414476bf', NULL, NULL, NULL, '2017-08-19 15:20:40', NULL, NULL, 3, ''),
(665, '432', 'slahaS  j', NULL, '', '74187922b4761039cd444d02240cf19372c9499e', NULL, NULL, NULL, '2017-08-19 15:20:40', NULL, NULL, 3, ''),
(664, '431', 'jj  jjjjjjj', NULL, '', '052952d59e3647e8632bfb40b1c0f1417fa9dbe3', NULL, NULL, NULL, '2017-08-19 15:20:40', NULL, NULL, 3, ''),
(663, '430', 'jjjjjjjjj  jjjjjjjjjj', NULL, '', '0c024e17959e341ec5229936f6c400ad54035d52', NULL, NULL, NULL, '2017-08-19 15:20:40', NULL, NULL, 3, ''),
(662, '429', 'kkkkkk  kkkkkkk', NULL, '', '8b53e863a4c7f8bb397d522eeca0767c68502aa3', NULL, NULL, NULL, '2017-08-19 15:20:40', NULL, NULL, 3, ''),
(661, '428', 'ddddddddddd  ssssssss', NULL, '', '91bd3391cd501a3d3fe2960b43dcc2fc20dada92', NULL, NULL, NULL, '2017-08-19 15:20:40', NULL, NULL, 3, ''),
(660, '427', 'kk  kk', NULL, '', '11cc32395bdd4449e6c78251706aabfc13280add', NULL, NULL, NULL, '2017-08-19 15:20:40', NULL, NULL, 3, ''),
(659, '426', 'llllll  llllllll', NULL, '', 'a19b835c8d7c5413442dca30e0e5a8956b52851c', NULL, NULL, NULL, '2017-08-19 15:20:40', NULL, NULL, 3, ''),
(658, '425', 'jjjjjj  jjjjjjjjjj', NULL, '', '07ebf46b69b00c3345e31ffee18e72bf8cce81b7', NULL, NULL, NULL, '2017-08-19 15:20:40', NULL, NULL, 3, ''),
(657, '424', 'llllllll  llllllll', NULL, '', '03529b9e79acb6d17c66b350d83e8ad5030c7152', NULL, NULL, NULL, '2017-08-19 15:20:40', NULL, NULL, 3, ''),
(656, '423', 'kkkkkkkk  kkkkkkkkkkk', NULL, '', '2dea0deb33cf9cf99eb1dbda7dce60f86e2f1e0d', NULL, NULL, NULL, '2017-08-19 15:20:40', NULL, NULL, 3, ''),
(654, '421', 'kkkkkk  kkkkkkkk', NULL, '', 'a5044a9a9776b06d342b48369505452b154f5076', NULL, NULL, NULL, '2017-08-19 15:20:40', NULL, NULL, 3, ''),
(655, '422', 'lllll  lllllllll', NULL, '', '83ea9361f8e17e88799b300db6fa66632892bdc3', NULL, NULL, NULL, '2017-08-19 15:20:40', NULL, NULL, 3, ''),
(652, '419', 'kkkk  kkkkkkkkkk', NULL, '', '30bf29957f730dcbfd4116d890f1ff3ac047a5d4', NULL, NULL, NULL, '2017-08-19 15:20:40', NULL, NULL, 3, ''),
(651, '418', 'jjjjjjjj  jjjjjjjjjjj', NULL, 'john.doe@gmail.com', '0f115f0e5f8f70ce69be171244aabbe2a0a3ac00', NULL, NULL, NULL, '2017-08-19 15:20:40', NULL, NULL, 3, ''),
(650, '417', 'jjjjj  kkkkkkkkkkk', NULL, '', '8fecbb1856d67447fdea2b0f295a5aeb14f9dcb9', NULL, NULL, NULL, '2017-08-19 15:20:40', NULL, NULL, 3, ''),
(649, '416', 'hhhhhhhh  hhhhhhhh', NULL, '', 'cca8abc697d4a24a0d82fcd068001493d5e3fbe2', NULL, NULL, NULL, '2017-08-19 15:20:40', NULL, NULL, 3, ''),
(647, '412', 'try  try', NULL, 'sak@g.com', '6c0aab4f5665e62201020923f25e06690beb483d', NULL, NULL, NULL, '2017-08-19 15:20:40', NULL, NULL, 3, ''),
(648, '415', 'ggggggggg  ddd', NULL, '', '6491bccf4a87b4c36039c549cb3b29476263e03d', NULL, NULL, NULL, '2017-08-19 15:20:40', NULL, NULL, 3, ''),
(646, '412', 'try  try', NULL, 'sak@g.com', '6c0aab4f5665e62201020923f25e06690beb483d', NULL, NULL, NULL, '2017-08-19 15:20:40', NULL, NULL, 3, ''),
(645, '411', 'بندر  دفعه 2016', NULL, 'salahco2013@gmail.com', 'cedf1a88c52828f1d5c3cc8f68c0bf9ca1a61a39', NULL, NULL, NULL, '2017-08-19 15:20:40', NULL, NULL, 3, ''),
(644, '410', 'غمدان  دفعه 2016', NULL, 'salahco2013@gmail.com', 'ea08df440e55df6e4e09a149d95d878c8b66d13b', NULL, NULL, NULL, '2017-08-19 15:20:40', NULL, NULL, 3, ''),
(642, '408', 'فايد  دفعه 2016', NULL, 'salahco2013@gmail.com', '329cfa3e2b9deb6339c70d314980e13a377aad29', NULL, NULL, NULL, '2017-08-19 15:20:40', NULL, NULL, 3, ''),
(643, '409', 'تامر  دفعه 2016', NULL, 'salahco2013@gmail.com', '3ceebb57c917f93a49a50f4fcda0db0a1faf4b30', NULL, NULL, NULL, '2017-08-19 15:20:40', NULL, NULL, 3, ''),
(641, '407', 'ياسر  دفعه 2016', NULL, 'salahco2013@gmail.com', 'd220fd5226804a644ba2d70439c9c613b9b892d7', NULL, NULL, NULL, '2017-08-19 15:20:40', NULL, NULL, 3, ''),
(640, '406', 'قاسم  دفعه 2016', NULL, 'salahco2013@gmail.com', '4410defde1edab137ab4b08b9e7018ea3b0d0099', NULL, NULL, NULL, '2017-08-19 15:20:40', NULL, NULL, 3, ''),
(639, '404', 'لؤي  دفعه 2016', NULL, 'salahco2013@gmail.com', '9cea2a4cc073abc644a5eb305af30f9ed54afedd', NULL, NULL, NULL, '2017-08-19 15:20:40', NULL, NULL, 3, ''),
(638, '403', 'انور  دفعه 2016', NULL, 'salahco2013@gmail.com', '87cdaf0c94015f6b8f6aedb3eb14971efb1697e4', NULL, NULL, NULL, '2017-08-19 15:20:40', NULL, NULL, 3, ''),
(637, '402', 'احمد  دفعه 2016', NULL, 'salahco2013@gmail.com', '493a5273bd78c9b05012e6b1f99c56c908880f51', NULL, NULL, NULL, '2017-08-19 15:20:40', NULL, NULL, 3, ''),
(636, '401', 'علي     دفعه 2016', NULL, 'salahco2013@gmail.com', '1cde76bdb9b4c3e177f3e7f7b7b81e6293fcc602', NULL, NULL, NULL, '2017-08-19 15:20:40', NULL, NULL, 3, ''),
(635, '302', 'محمد عبدالاله ا  القباطي', NULL, 'salahco2013@gmail.com', 'e90895a74002d4e8b17d85447c133d1d1bc29914', NULL, NULL, NULL, '2017-08-19 15:20:40', NULL, NULL, 3, ''),
(634, '301', 'عبدالله فرحان   الخليدي', NULL, 'salahco2013@gmail.com', '90538a3c9213ce7341eee3e1964574a196168bdb', NULL, NULL, NULL, '2017-08-19 15:20:40', NULL, NULL, 3, ''),
(633, '300', 'مصعب نجيب  القباطي', NULL, 'salahco2013@gmail.com', '42164ff6a7d953197669d457bbbc1380a1008243', NULL, NULL, NULL, '2017-08-19 15:20:40', NULL, NULL, 3, ''),
(632, '202', 'صلاح  محمد', NULL, 'salahco2013@gmail.com', '044fb93b33bb085bae90ae8397d1ef0e092abfc2', NULL, NULL, NULL, '2017-08-19 15:20:40', NULL, NULL, 3, ''),
(631, '201', 'ادم عبد فارع  الحبشي القرشي', NULL, 'salahco2013@gmail.com', 'ece646c07eb1b7dd74809aaebafe006fb0050aef', NULL, NULL, NULL, '2017-08-19 15:20:40', NULL, NULL, 3, ''),
(630, '200', 'علي عرادة  العري', NULL, 'salahco2013@gmail.com', '4ec45d5d89bc69c9bd6e8e8a19cbbc98eb242a15', NULL, NULL, NULL, '2017-08-19 15:20:40', NULL, NULL, 3, ''),
(628, '101', 'انور امين  العصيد', NULL, 'salahco2013@gmail.com', '102c3e046a24bf1fcf70888751a23531648f9d2d', NULL, NULL, NULL, '2017-08-19 15:20:40', NULL, NULL, 3, ''),
(629, '103', 'ابو ثمانية جهال  العاقل', NULL, 'salahco2013@gmail.com', '3912946d521a96317a5490a596436337754953f9', NULL, NULL, NULL, '2017-08-19 15:20:40', NULL, NULL, 3, ''),
(626, '506', 'jjjjjjjjjjjjjjjjjjjjjjjjjjjj', NULL, '', '83e410a542ab37ced7ac9a93260f3f9af1c0e404', NULL, NULL, NULL, '2017-08-19 14:59:48', NULL, NULL, 3, ''),
(627, '100', 'امجد حمود  الزيلعي', NULL, 'salahco2013@gmail.com', '775b444fcec74fac8f1edea4d6ebbb83a720c679', NULL, NULL, NULL, '2017-08-19 15:20:40', NULL, NULL, 3, ''),
(625, '505', 'jjjjjjjjjjjjjjjjjjjjjjjjjjj', NULL, '', '63b31370174e46c72acc14533f74cb06387bdf25', NULL, NULL, NULL, '2017-08-19 14:57:34', NULL, NULL, 3, ''),
(621, '.501.', '.ggggggggggggggggggggggggg.', NULL, '..', '.2c9a62c3748f484690d547c0d707aededf04fbd2.', NULL, NULL, NULL, '2017-08-19 14:36:13', NULL, NULL, 3, ''),
(622, '.502.', '.kkkkkkkkkkkkkkkkkkkkkkkkkk.', NULL, '..', '63b3ea1505fba9bc2a9d2cd9702d1d8f3f997f95', NULL, NULL, NULL, '2017-08-19 14:38:50', NULL, NULL, 3, ''),
(623, '.503.', '.dddddddddddddddddd.', NULL, '..', '7110e0d3f236986f20f4297a48a536d8fac5c411', NULL, NULL, NULL, '2017-08-19 14:39:53', NULL, NULL, 3, ''),
(624, '.504.', '.jjjjjjjjjjjjjjjjjjjjjj.', NULL, '..', '.8cb2237d0679ca88db6464eac60da96345513964.', NULL, NULL, NULL, '2017-08-19 14:41:39', NULL, NULL, 3, ''),
(748, '507', 'abdullahhhhhhh', NULL, 'abdullah@hot.com', '36e00ef01f844a38ec79442fef04ce1d6ba74f62', NULL, NULL, NULL, '2017-08-24 22:30:43', NULL, NULL, 3, ''),
(749, '2008', 'ibrahim khalidalmajedi', NULL, 'ibrahim@hotmail.com', 'e8366bc5d9f2861e63e6a79a3c6973da13b53df0', NULL, NULL, NULL, '2017-08-24 22:33:39', NULL, NULL, 2, ''),
(750, '2009', 'hhhhhhhhhhhhhhhhhkkkkkkkkkkkkk', NULL, 'dddd@hotmai.com', '69e77aad2ace0b1c8a00724730b5892ab26df25f', NULL, NULL, NULL, '2017-08-24 22:57:35', NULL, NULL, 2, '');

-- --------------------------------------------------------

--
-- Table structure for table `user2`
--

CREATE TABLE IF NOT EXISTS `user2` (
  `user_id` int(11) NOT NULL AUTO_INCREMENT,
  `username` varchar(255) NOT NULL,
  `password` varchar(255) NOT NULL,
  `fullname` varchar(255) NOT NULL,
  `group_id` int(11) NOT NULL DEFAULT '0',
  `Email` varchar(255) NOT NULL,
  `truststatus` int(11) NOT NULL DEFAULT '0',
  `regstatus` int(11) NOT NULL DEFAULT '0',
  PRIMARY KEY (`user_id`)
) ENGINE=MyISAM  DEFAULT CHARSET=utf8 AUTO_INCREMENT=3 ;

--
-- Dumping data for table `user2`
--

INSERT INTO `user2` (`user_id`, `username`, `password`, `fullname`, `group_id`, `Email`, `truststatus`, `regstatus`) VALUES
(1, 'Abdullah', '601f1889667efaebb33b8c12572835da3f027f78', 'Abdullah farhan', 1, 'Abdullah@hh.info', 0, 0),
(2, 'salah', '40bd001563085fc35165329ea1ff5c5ecbdbbeef', 'ttttttttttttttt', 1, 'eeeeee@h.com', 1, 1);

-- --------------------------------------------------------

--
-- Table structure for table `user_type`
--

CREATE TABLE IF NOT EXISTS `user_type` (
  `type_id` int(11) NOT NULL AUTO_INCREMENT,
  `type_name` varchar(50) DEFAULT NULL,
  `active_user` bit(1) NOT NULL,
  PRIMARY KEY (`type_id`)
) ENGINE=MyISAM  DEFAULT CHARSET=utf8 AUTO_INCREMENT=35 ;

--
-- Dumping data for table `user_type`
--

INSERT INTO `user_type` (`type_id`, `type_name`, `active_user`) VALUES
(1, 'مدير', b'1'),
(2, 'موظف', b'1'),
(3, 'طالب', b'1'),
(4, 'ولي امر', b'1'),
(34, 'fffffffff', b'0'),
(8, 'admin4', b'0'),
(9, 'jjjjjjjjjjj', b'0'),
(10, 'ddddddddd', b'0'),
(11, 'jjjjjjjjjj', b'0'),
(19, 'dddddddd', b'0'),
(22, 'kkkkkkkkkkkkk', b'0'),
(23, 'dddddddd', b'0'),
(24, 'jjjjjjjjjjj', b'0'),
(26, 'ddddddd', b'0'),
(28, 'lllllllllll', b'0');

-- --------------------------------------------------------

--
-- Structure for view `term_basic_subject`
--
DROP TABLE IF EXISTS `term_basic_subject`;

CREATE ALGORITHM=UNDEFINED DEFINER=`root`@`localhost` SQL SECURITY DEFINER VIEW `term_basic_subject` AS select `s`.`std_fname` AS `std_fname`,`sub`.`name` AS `name`,`c`.`marks` AS `marks`,`sub`.`Id` AS `Id`,`e`.`exam_group_id` AS `exam_group_id`,`e`.`maximum_marks` AS `maximum_marks`,`e`.`minimum_marks` AS `minimum_marks`,`c`.`student_id` AS `student_id`,`c`.`batch_id` AS `batch_id`,`c`.`term_id` AS `term_id`,`c`.`level_id` AS `level_id`,`c`.`exam_id` AS `exam_id`,`c`.`course_id` AS `course_id`,`c`.`dept_id` AS `dept_id` from (((`examscore` `c` join `student` `s`) join `subject` `sub`) join `exam` `e`) where ((`c`.`exam_id` = `e`.`Id`) and (`c`.`term_id` = 1) and (`c`.`level_id` = 1) and (`c`.`dept_id` = 1) and (`c`.`batch_id` = 1) and (`c`.`course_id` = 1) and (`s`.`std_id` = `c`.`student_id`) and (`e`.`exam_group_id` = 1) and (`e`.`subject_id` = `sub`.`Id`) and (`e`.`is_workable` = 0)) order by `c`.`student_id`;

-- --------------------------------------------------------

--
-- Structure for view `term_work_subject`
--
DROP TABLE IF EXISTS `term_work_subject`;

CREATE ALGORITHM=UNDEFINED DEFINER=`root`@`localhost` SQL SECURITY DEFINER VIEW `term_work_subject` AS select `s`.`std_fname` AS `std_fname`,`c`.`marks` AS `marks`,`sub2`.`Id` AS `Id`,`sub2`.`name` AS `name`,`e`.`exam_group_id` AS `exam_group_id`,`sub2`.`subject_id` AS `subject_id`,`e`.`maximum_marks` AS `maximum_marks`,`e`.`minimum_marks` AS `minimum_marks`,`c`.`student_id` AS `student_id`,`c`.`batch_id` AS `batch_id`,`c`.`term_id` AS `term_id`,`c`.`level_id` AS `level_id`,`c`.`exam_id` AS `exam_id`,`c`.`course_id` AS `course_id`,`c`.`dept_id` AS `dept_id` from ((((`examscore` `c` join `student` `s`) join `subjectwork` `sub2`) join `subject` `sub`) join `exam` `e`) where ((`c`.`exam_id` = `e`.`Id`) and (`c`.`term_id` = 1) and (`c`.`level_id` = 1) and (`c`.`dept_id` = 1) and (`c`.`batch_id` = 1) and (`c`.`course_id` = 1) and (`s`.`std_id` = `c`.`student_id`) and (`e`.`exam_group_id` = 1) and (`e`.`subject_id` = `sub2`.`Id`) and (`e`.`is_workable` = 1) and (`sub2`.`subject_id` = `sub`.`Id`)) order by `c`.`student_id`;

--
-- Constraints for dumped tables
--

--
-- Constraints for table `batch`
--
ALTER TABLE `batch`
  ADD CONSTRAINT `batch_course` FOREIGN KEY (`course_id`) REFERENCES `course` (`Id`) ON DELETE CASCADE ON UPDATE CASCADE,
  ADD CONSTRAINT `batch_dept` FOREIGN KEY (`dept_id`) REFERENCES `department` (`Id`) ON DELETE CASCADE ON UPDATE CASCADE,
  ADD CONSTRAINT `batch_level` FOREIGN KEY (`level_id`) REFERENCES `level` (`Id`) ON DELETE CASCADE ON UPDATE CASCADE;

--
-- Constraints for table `exam`
--
ALTER TABLE `exam`
  ADD CONSTRAINT `exam_ibfk_1` FOREIGN KEY (`exam_group_id`) REFERENCES `examgroup` (`Id`),
  ADD CONSTRAINT `exam_ibfk_2` FOREIGN KEY (`dept_id`) REFERENCES `department` (`Id`),
  ADD CONSTRAINT `exam_ibfk_3` FOREIGN KEY (`course_id`) REFERENCES `course` (`Id`),
  ADD CONSTRAINT `exam_ibfk_4` FOREIGN KEY (`level_id`) REFERENCES `level` (`Id`),
  ADD CONSTRAINT `exam_ibfk_5` FOREIGN KEY (`batch_id`) REFERENCES `batch` (`Id`),
  ADD CONSTRAINT `exam_ibfk_6` FOREIGN KEY (`term_id`) REFERENCES `term` (`Id`);

--
-- Constraints for table `exam2`
--
ALTER TABLE `exam2`
  ADD CONSTRAINT `exam_batch` FOREIGN KEY (`batch_id`) REFERENCES `batch` (`Id`) ON DELETE CASCADE ON UPDATE CASCADE,
  ADD CONSTRAINT `exam_course` FOREIGN KEY (`course_id`) REFERENCES `course` (`Id`) ON DELETE CASCADE ON UPDATE CASCADE,
  ADD CONSTRAINT `exam_examgroup` FOREIGN KEY (`exam_group_id`) REFERENCES `examgroup2` (`Id`) ON DELETE CASCADE ON UPDATE CASCADE,
  ADD CONSTRAINT `exam_level` FOREIGN KEY (`level_id`) REFERENCES `level` (`Id`) ON DELETE CASCADE ON UPDATE CASCADE,
  ADD CONSTRAINT `exam_subject` FOREIGN KEY (`subject_id`) REFERENCES `subject` (`Id`) ON DELETE CASCADE ON UPDATE CASCADE,
  ADD CONSTRAINT `exam_term` FOREIGN KEY (`term_id`) REFERENCES `term` (`Id`) ON DELETE CASCADE ON UPDATE CASCADE;

--
-- Constraints for table `examgroup`
--
ALTER TABLE `examgroup`
  ADD CONSTRAINT `examgroup_ibfk_1` FOREIGN KEY (`dept_id`) REFERENCES `department` (`Id`),
  ADD CONSTRAINT `examgroup_ibfk_2` FOREIGN KEY (`course_id`) REFERENCES `course` (`Id`),
  ADD CONSTRAINT `examgroup_ibfk_3` FOREIGN KEY (`level_id`) REFERENCES `level` (`Id`),
  ADD CONSTRAINT `examgroup_ibfk_4` FOREIGN KEY (`batch_id`) REFERENCES `batch` (`Id`),
  ADD CONSTRAINT `examgroup_ibfk_5` FOREIGN KEY (`term_id`) REFERENCES `term` (`Id`);

--
-- Constraints for table `examgroup2`
--
ALTER TABLE `examgroup2`
  ADD CONSTRAINT `examgroup_batch` FOREIGN KEY (`batch_id`) REFERENCES `batch` (`Id`) ON DELETE CASCADE ON UPDATE CASCADE,
  ADD CONSTRAINT `examgroup_course` FOREIGN KEY (`course_id`) REFERENCES `course` (`Id`) ON DELETE CASCADE ON UPDATE CASCADE,
  ADD CONSTRAINT `examgroup_department` FOREIGN KEY (`dept_id`) REFERENCES `department` (`Id`) ON DELETE CASCADE ON UPDATE CASCADE,
  ADD CONSTRAINT `examgroup_level` FOREIGN KEY (`level_id`) REFERENCES `level` (`Id`) ON DELETE CASCADE ON UPDATE CASCADE,
  ADD CONSTRAINT `examgroup_term` FOREIGN KEY (`term_id`) REFERENCES `term` (`Id`) ON DELETE CASCADE ON UPDATE CASCADE;

--
-- Constraints for table `examscore`
--
ALTER TABLE `examscore`
  ADD CONSTRAINT `examscore_ibfk_1` FOREIGN KEY (`dept_id`) REFERENCES `department` (`Id`),
  ADD CONSTRAINT `examscore_ibfk_2` FOREIGN KEY (`course_id`) REFERENCES `course` (`Id`),
  ADD CONSTRAINT `examscore_ibfk_3` FOREIGN KEY (`level_id`) REFERENCES `level` (`Id`),
  ADD CONSTRAINT `examscore_ibfk_4` FOREIGN KEY (`batch_id`) REFERENCES `batch` (`Id`),
  ADD CONSTRAINT `examscore_ibfk_5` FOREIGN KEY (`term_id`) REFERENCES `term` (`Id`),
  ADD CONSTRAINT `examscore_ibfk_6` FOREIGN KEY (`student_id`) REFERENCES `student` (`std_id`);

--
-- Constraints for table `subject`
--
ALTER TABLE `subject`
  ADD CONSTRAINT `subject_course` FOREIGN KEY (`course_id`) REFERENCES `course` (`Id`) ON DELETE CASCADE ON UPDATE CASCADE,
  ADD CONSTRAINT `subject_department` FOREIGN KEY (`department_id`) REFERENCES `department` (`Id`) ON DELETE CASCADE ON UPDATE CASCADE,
  ADD CONSTRAINT `subject_level` FOREIGN KEY (`level_id`) REFERENCES `level` (`Id`) ON DELETE CASCADE ON UPDATE CASCADE,
  ADD CONSTRAINT `subject_term` FOREIGN KEY (`term_id`) REFERENCES `term` (`Id`) ON DELETE CASCADE ON UPDATE CASCADE;

--
-- Constraints for table `subjectdirect`
--
ALTER TABLE `subjectdirect`
  ADD CONSTRAINT `subjectdirect_course` FOREIGN KEY (`course_id`) REFERENCES `course` (`Id`) ON DELETE CASCADE ON UPDATE CASCADE,
  ADD CONSTRAINT `subjectdirect_department` FOREIGN KEY (`department_id`) REFERENCES `department` (`Id`) ON DELETE CASCADE ON UPDATE CASCADE,
  ADD CONSTRAINT `subjectdirect_level` FOREIGN KEY (`level_id`) REFERENCES `level` (`Id`) ON DELETE CASCADE ON UPDATE CASCADE,
  ADD CONSTRAINT `subjectdirect_term` FOREIGN KEY (`term_id`) REFERENCES `term` (`Id`) ON DELETE CASCADE ON UPDATE CASCADE;

--
-- Constraints for table `subjectwork`
--
ALTER TABLE `subjectwork`
  ADD CONSTRAINT `subjectwork_subject` FOREIGN KEY (`subject_id`) REFERENCES `subject` (`Id`) ON DELETE CASCADE ON UPDATE CASCADE;

--
-- Constraints for table `term`
--
ALTER TABLE `term`
  ADD CONSTRAINT `term_level` FOREIGN KEY (`level_id`) REFERENCES `level` (`Id`) ON DELETE CASCADE ON UPDATE CASCADE;
